[{"model": "admin.logentry", "pk": 41, "fields": {"action_time": "2022-09-17T08:32:34.678Z", "user": 28, "content_type": 6, "object_id": "30", "object_repr": "engineering2@konga.com", "action_flag": 2, "change_message": "[{\"changed\": {\"fields\": [\"Is admin\", \"Is staff\", \"Is active\", \"Is superadmin\"]}}]"}}, {"model": "admin.logentry", "pk": 43, "fields": {"action_time": "2022-09-17T08:40:14.955Z", "user": 28, "content_type": 6, "object_id": "29", "object_repr": "asoliudeen2@gmail.com", "action_flag": 2, "change_message": "[{\"changed\": {\"fields\": [\"Is admin\", \"Is staff\", \"Is superadmin\"]}}]"}}, {"model": "admin.logentry", "pk": 44, "fields": {"action_time": "2022-09-17T10:42:48.411Z", "user": 28, "content_type": 6, "object_id": "29", "object_repr": "asoliudeen2@gmail.com", "action_flag": 2, "change_message": "[{\"changed\": {\"fields\": [\"Is admin\", \"Is superadmin\"]}}]"}}, {"model": "admin.logentry", "pk": 45, "fields": {"action_time": "2022-09-17T10:47:21.417Z", "user": 28, "content_type": 6, "object_id": "31", "object_repr": "alobalowo@gmail.com", "action_flag": 2, "change_message": "[{\"changed\": {\"fields\": [\"Is active\"]}}]"}}, {"model": "admin.logentry", "pk": 46, "fields": {"action_time": "2022-09-17T20:18:38.875Z", "user": 28, "content_type": 6, "object_id": "32", "object_repr": "hhfrd376@gmail.com", "action_flag": 3, "change_message": ""}}, {"model": "admin.logentry", "pk": 47, "fields": {"action_time": "2022-09-17T20:26:17.216Z", "user": 28, "content_type": 6, "object_id": "33", "object_repr": "hhfrd376@gmail.com", "action_flag": 3, "change_message": ""}}, {"model": "admin.logentry", "pk": 48, "fields": {"action_time": "2022-09-17T20:38:36.468Z", "user": 28, "content_type": 6, "object_id": "34", "object_repr": "hhfrd376@gmail.com", "action_flag": 3, "change_message": ""}}, {"model": "admin.logentry", "pk": 49, "fields": {"action_time": "2022-09-17T20:48:38.640Z", "user": 28, "content_type": 6, "object_id": "35", "object_repr": "hhfrd376@gmail.com", "action_flag": 3, "change_message": ""}}, {"model": "admin.logentry", "pk": 50, "fields": {"action_time": "2022-09-18T21:53:28.904Z", "user": 28, "content_type": 6, "object_id": "36", "object_repr": "hhfrd376@gmail.com", "action_flag": 3, "change_message": ""}}, {"model": "admin.logentry", "pk": 51, "fields": {"action_time": "2022-09-18T22:04:26.744Z", "user": 28, "content_type": 6, "object_id": "37", "object_repr": "hhfrd376@gmail.com", "action_flag": 3, "change_message": ""}}, {"model": "admin.logentry", "pk": 52, "fields": {"action_time": "2022-09-18T22:06:41.034Z", "user": 28, "content_type": 6, "object_id": "38", "object_repr": "hhfrd376@gmail.com", "action_flag": 3, "change_message": ""}}, {"model": "admin.logentry", "pk": 53, "fields": {"action_time": "2022-09-20T10:05:27.574Z", "user": 28, "content_type": 6, "object_id": "45", "object_repr": "frdhh595@gmail.com", "action_flag": 3, "change_message": ""}}, {"model": "admin.logentry", "pk": 54, "fields": {"action_time": "2022-09-20T10:05:27.577Z", "user": 28, "content_type": 6, "object_id": "44", "object_repr": "a.n.moody20144@gmail.com", "action_flag": 3, "change_message": ""}}, {"model": "admin.logentry", "pk": 55, "fields": {"action_time": "2022-09-20T10:05:27.579Z", "user": 28, "content_type": 6, "object_id": "43", "object_repr": "ratnan123we@gmail.com", "action_flag": 3, "change_message": ""}}, {"model": "admin.logentry", "pk": 56, "fields": {"action_time": "2022-09-20T10:05:27.581Z", "user": 28, "content_type": 6, "object_id": "42", "object_repr": "rath123@gmail.com", "action_flag": 3, "change_message": ""}}, {"model": "admin.logentry", "pk": 57, "fields": {"action_time": "2022-09-20T10:05:27.583Z", "user": 28, "content_type": 6, "object_id": "41", "object_repr": "ratan1@gmail.com", "action_flag": 3, "change_message": ""}}, {"model": "admin.logentry", "pk": 58, "fields": {"action_time": "2022-09-20T10:05:27.584Z", "user": 28, "content_type": 6, "object_id": "40", "object_repr": "rathan@gmail.com", "action_flag": 3, "change_message": ""}}, {"model": "admin.logentry", "pk": 59, "fields": {"action_time": "2022-09-20T10:05:35.737Z", "user": 28, "content_type": 6, "object_id": "39", "object_repr": "hhfrd376@gmail.com", "action_flag": 3, "change_message": ""}}, {"model": "admin.logentry", "pk": 60, "fields": {"action_time": "2022-09-20T10:07:11.418Z", "user": 28, "content_type": 6, "object_id": "46", "object_repr": "hhfrd376@gmail.com", "action_flag": 3, "change_message": ""}}, {"model": "admin.logentry", "pk": 61, "fields": {"action_time": "2022-09-20T10:13:25.561Z", "user": 28, "content_type": 6, "object_id": "47", "object_repr": "hhfrd376@gmail.com", "action_flag": 3, "change_message": ""}}, {"model": "admin.logentry", "pk": 62, "fields": {"action_time": "2022-09-20T11:59:33.400Z", "user": 28, "content_type": 6, "object_id": "48", "object_repr": "hhfrd376@gmail.com", "action_flag": 3, "change_message": ""}}, {"model": "admin.logentry", "pk": 63, "fields": {"action_time": "2022-09-21T12:00:33.343Z", "user": 28, "content_type": 6, "object_id": "49", "object_repr": "hhfrd376@gmail.com", "action_flag": 3, "change_message": ""}}, {"model": "admin.logentry", "pk": 64, "fields": {"action_time": "2022-09-21T12:06:27.617Z", "user": 28, "content_type": 6, "object_id": "30", "object_repr": "engineering2@konga.com", "action_flag": 3, "change_message": ""}}, {"model": "admin.logentry", "pk": 65, "fields": {"action_time": "2022-09-21T12:06:27.620Z", "user": 28, "content_type": 6, "object_id": "29", "object_repr": "asoliudeen2@gmail.com", "action_flag": 3, "change_message": ""}}, {"model": "admin.logentry", "pk": 66, "fields": {"action_time": "2022-09-21T12:06:56.121Z", "user": 28, "content_type": 6, "object_id": "31", "object_repr": "alobalowo@gmail.com", "action_flag": 3, "change_message": ""}}, {"model": "admin.logentry", "pk": 67, "fields": {"action_time": "2022-09-21T17:17:58.041Z", "user": 28, "content_type": 9, "object_id": "5", "object_repr": "BiteMore", "action_flag": 2, "change_message": "[{\"changed\": {\"fields\": [\"Is approved\"]}}]"}}, {"model": "admin.logentry", "pk": 68, "fields": {"action_time": "2022-09-21T17:18:52.375Z", "user": 28, "content_type": 9, "object_id": "5", "object_repr": "BiteMore", "action_flag": 2, "change_message": "[{\"changed\": {\"fields\": [\"Is approved\"]}}]"}}, {"model": "admin.logentry", "pk": 69, "fields": {"action_time": "2022-09-21T22:34:23.485Z", "user": 28, "content_type": 7, "object_id": "65", "object_repr": "alobalowo@gmail.com", "action_flag": 2, "change_message": "[{\"changed\": {\"fields\": [\"Profile picture\", \"Cover photo\", \"Address line 1\", \"Address line 2\", \"Country\", \"State\", \"City\", \"Pin code\"]}}]"}}, {"model": "admin.logentry", "pk": 70, "fields": {"action_time": "2022-09-22T16:13:24.298Z", "user": 28, "content_type": 7, "object_id": "65", "object_repr": "alobalowo@gmail.com", "action_flag": 2, "change_message": "[{\"changed\": {\"fields\": [\"Address\", \"Pin code\"]}}]"}}, {"model": "admin.logentry", "pk": 71, "fields": {"action_time": "2022-09-22T19:20:39.506Z", "user": 28, "content_type": 9, "object_id": "5", "object_repr": "Bite More", "action_flag": 2, "change_message": "[{\"changed\": {\"fields\": [\"Is approved\"]}}]"}}, {"model": "admin.logentry", "pk": 72, "fields": {"action_time": "2022-09-23T23:34:24.098Z", "user": 28, "content_type": 11, "object_id": "1", "object_repr": "Burgers", "action_flag": 1, "change_message": "[{\"added\": {}}]"}}, {"model": "admin.logentry", "pk": 73, "fields": {"action_time": "2022-09-23T23:34:46.771Z", "user": 28, "content_type": 11, "object_id": "2", "object_repr": "Piza", "action_flag": 1, "change_message": "[{\"added\": {}}]"}}, {"model": "admin.logentry", "pk": 74, "fields": {"action_time": "2022-09-23T23:35:56.350Z", "user": 28, "content_type": 11, "object_id": "2", "object_repr": "Pizza", "action_flag": 2, "change_message": "[{\"changed\": {\"fields\": [\"Category name\", \"Slug\"]}}]"}}, {"model": "admin.logentry", "pk": 75, "fields": {"action_time": "2022-09-23T23:36:13.156Z", "user": 28, "content_type": 11, "object_id": "3", "object_repr": "Sea food", "action_flag": 1, "change_message": "[{\"added\": {}}]"}}, {"model": "admin.logentry", "pk": 76, "fields": {"action_time": "2022-09-23T23:36:27.232Z", "user": 28, "content_type": 11, "object_id": "4", "object_repr": "Chicken", "action_flag": 1, "change_message": "[{\"added\": {}}]"}}, {"model": "admin.logentry", "pk": 77, "fields": {"action_time": "2022-09-24T00:02:53.747Z", "user": 28, "content_type": 10, "object_id": "1", "object_repr": "burger one", "action_flag": 1, "change_message": "[{\"added\": {}}]"}}, {"model": "admin.logentry", "pk": 78, "fields": {"action_time": "2022-09-24T00:12:18.930Z", "user": 28, "content_type": 10, "object_id": "2", "object_repr": "barbecue chicken", "action_flag": 1, "change_message": "[{\"added\": {}}]"}}, {"model": "admin.logentry", "pk": 79, "fields": {"action_time": "2022-09-24T00:12:46.093Z", "user": 28, "content_type": 10, "object_id": "3", "object_repr": "Fried Chicken", "action_flag": 1, "change_message": "[{\"added\": {}}]"}}, {"model": "admin.logentry", "pk": 80, "fields": {"action_time": "2022-09-24T00:14:00.828Z", "user": 28, "content_type": 10, "object_id": "4", "object_repr": "Sea Food one", "action_flag": 1, "change_message": "[{\"added\": {}}]"}}, {"model": "admin.logentry", "pk": 81, "fields": {"action_time": "2022-09-24T00:14:31.379Z", "user": 28, "content_type": 10, "object_id": "5", "object_repr": "Italian Pizza", "action_flag": 1, "change_message": "[{\"added\": {}}]"}}, {"model": "admin.logentry", "pk": 82, "fields": {"action_time": "2022-09-24T09:45:17.196Z", "user": 28, "content_type": 6, "object_id": "51", "object_repr": "princealobalowosoliu@gmail.com", "action_flag": 2, "change_message": "[{\"changed\": {\"fields\": [\"Email\"]}}]"}}, {"model": "admin.logentry", "pk": 83, "fields": {"action_time": "2022-09-24T15:02:31.187Z", "user": 28, "content_type": 11, "object_id": "5", "object_repr": "Pie", "action_flag": 1, "change_message": "[{\"added\": {}}]"}}, {"model": "admin.logentry", "pk": 84, "fields": {"action_time": "2022-09-25T20:09:06.423Z", "user": 28, "content_type": 10, "object_id": "11", "object_repr": "london burger", "action_flag": 3, "change_message": ""}}, {"model": "admin.logentry", "pk": 85, "fields": {"action_time": "2022-09-25T20:41:46.315Z", "user": 28, "content_type": 10, "object_id": "23", "object_repr": "Londo burger", "action_flag": 3, "change_message": ""}}, {"model": "admin.logentry", "pk": 86, "fields": {"action_time": "2022-09-25T20:41:46.318Z", "user": 28, "content_type": 10, "object_id": "19", "object_repr": "Londo burger", "action_flag": 3, "change_message": ""}}, {"model": "admin.logentry", "pk": 87, "fields": {"action_time": "2022-09-25T21:47:37.363Z", "user": 28, "content_type": 10, "object_id": "30", "object_repr": "London burg", "action_flag": 3, "change_message": ""}}, {"model": "admin.logentry", "pk": 88, "fields": {"action_time": "2022-09-25T21:47:37.366Z", "user": 28, "content_type": 10, "object_id": "28", "object_repr": "London burge", "action_flag": 3, "change_message": ""}}, {"model": "admin.logentry", "pk": 89, "fields": {"action_time": "2022-09-27T09:47:09.877Z", "user": 28, "content_type": 6, "object_id": "52", "object_repr": "", "action_flag": 1, "change_message": "[{\"added\": {}}]"}}, {"model": "admin.logentry", "pk": 90, "fields": {"action_time": "2022-09-27T09:48:03.199Z", "user": 28, "content_type": 6, "object_id": "52", "object_repr": "soliudeen22@gmail.com", "action_flag": 2, "change_message": "[{\"changed\": {\"fields\": [\"First name\", \"Last name\", \"Email\", \"Role\", \"Is active\"]}}]"}}, {"model": "admin.logentry", "pk": 91, "fields": {"action_time": "2022-09-27T09:51:11.036Z", "user": 28, "content_type": 9, "object_id": "6", "object_repr": "Shoprite", "action_flag": 1, "change_message": "[{\"added\": {}}]"}}, {"model": "admin.logentry", "pk": 92, "fields": {"action_time": "2022-09-27T14:05:52.874Z", "user": 28, "content_type": 9, "object_id": "5", "object_repr": "BiteMore", "action_flag": 2, "change_message": "[{\"changed\": {\"fields\": [\"Vendor slug\"]}}]"}}, {"model": "admin.logentry", "pk": 93, "fields": {"action_time": "2022-09-27T14:06:04.116Z", "user": 28, "content_type": 9, "object_id": "6", "object_repr": "Shoprite", "action_flag": 2, "change_message": "[{\"changed\": {\"fields\": [\"Vendor slug\"]}}]"}}, {"model": "admin.logentry", "pk": 94, "fields": {"action_time": "2022-09-27T17:37:51.800Z", "user": 28, "content_type": 10, "object_id": "33", "object_repr": "Strawberry", "action_flag": 2, "change_message": "[{\"changed\": {\"fields\": [\"Description\"]}}]"}}, {"model": "admin.logentry", "pk": 95, "fields": {"action_time": "2022-09-27T22:40:59.190Z", "user": 28, "content_type": 12, "object_id": "2", "object_repr": "Cart object (2)", "action_flag": 3, "change_message": ""}}, {"model": "admin.logentry", "pk": 96, "fields": {"action_time": "2022-09-27T22:40:59.198Z", "user": 28, "content_type": 12, "object_id": "1", "object_repr": "Cart object (1)", "action_flag": 3, "change_message": ""}}, {"model": "admin.logentry", "pk": 97, "fields": {"action_time": "2022-09-28T17:27:18.243Z", "user": 28, "content_type": 12, "object_id": "4", "object_repr": "Cart object (4)", "action_flag": 3, "change_message": ""}}, {"model": "admin.logentry", "pk": 98, "fields": {"action_time": "2022-09-28T17:27:18.250Z", "user": 28, "content_type": 12, "object_id": "3", "object_repr": "Cart object (3)", "action_flag": 3, "change_message": ""}}, {"model": "admin.logentry", "pk": 99, "fields": {"action_time": "2022-10-02T21:32:14.506Z", "user": 28, "content_type": 6, "object_id": "54", "object_repr": "dhdhsh@gmail.com", "action_flag": 3, "change_message": ""}}, {"model": "admin.logentry", "pk": 100, "fields": {"action_time": "2022-10-17T09:10:57.622Z", "user": 28, "content_type": 6, "object_id": "56", "object_repr": "azeez23@gmail.com", "action_flag": 2, "change_message": "[{\"changed\": {\"fields\": [\"Email\", \"Is active\"]}}]"}}, {"model": "admin.logentry", "pk": 101, "fields": {"action_time": "2022-10-17T09:12:06.809Z", "user": 28, "content_type": 6, "object_id": "55", "object_repr": "teywind2022@gmail.com", "action_flag": 2, "change_message": "[{\"changed\": {\"fields\": [\"Username\", \"Email\", \"Is active\"]}}]"}}, {"model": "admin.logentry", "pk": 102, "fields": {"action_time": "2022-10-17T09:14:01.796Z", "user": 28, "content_type": 6, "object_id": "53", "object_repr": "adewale@gmail.com", "action_flag": 2, "change_message": "[{\"changed\": {\"fields\": [\"First name\", \"Last name\", \"Email\"]}}]"}}, {"model": "admin.logentry", "pk": 103, "fields": {"action_time": "2022-10-17T09:14:36.452Z", "user": 28, "content_type": 7, "object_id": "70", "object_repr": "azeez23@gmail.com", "action_flag": 3, "change_message": ""}}, {"model": "admin.logentry", "pk": 104, "fields": {"action_time": "2022-10-17T09:14:59.167Z", "user": 28, "content_type": 6, "object_id": "56", "object_repr": "azeez23@gmail.com", "action_flag": 2, "change_message": "[{\"changed\": {\"fields\": [\"First name\", \"Last name\"]}}]"}}, {"model": "admin.logentry", "pk": 105, "fields": {"action_time": "2022-10-17T09:16:37.586Z", "user": 28, "content_type": 6, "object_id": "51", "object_repr": "princesoliu@gmail.com", "action_flag": 2, "change_message": "[{\"changed\": {\"fields\": [\"Email\"]}}]"}}, {"model": "admin.logentry", "pk": 106, "fields": {"action_time": "2022-10-17T09:17:07.165Z", "user": 28, "content_type": 6, "object_id": "51", "object_repr": "princesoliu@gmail.com", "action_flag": 2, "change_message": "[]"}}, {"model": "admin.logentry", "pk": 107, "fields": {"action_time": "2022-10-17T11:00:59.449Z", "user": 28, "content_type": 9, "object_id": "8", "object_repr": "azeez33", "action_flag": 2, "change_message": "[{\"changed\": {\"fields\": [\"Is approved\"]}}]"}}, {"model": "admin.logentry", "pk": 108, "fields": {"action_time": "2022-10-17T11:03:03.297Z", "user": 28, "content_type": 9, "object_id": "8", "object_repr": "azeez33", "action_flag": 2, "change_message": "[]"}}, {"model": "admin.logentry", "pk": 109, "fields": {"action_time": "2022-10-17T11:03:30.649Z", "user": 28, "content_type": 7, "object_id": "69", "object_repr": "teywind2022@gmail.com", "action_flag": 2, "change_message": "[{\"changed\": {\"fields\": [\"Profile picture\", \"Cover photo\"]}}]"}}, {"model": "admin.logentry", "pk": 110, "fields": {"action_time": "2022-10-17T11:04:07.388Z", "user": 28, "content_type": 6, "object_id": "55", "object_repr": "teywind2022@gmail.com", "action_flag": 2, "change_message": "[{\"changed\": {\"fields\": [\"password\"]}}]"}}, {"model": "admin.logentry", "pk": 111, "fields": {"action_time": "2022-10-17T11:04:20.320Z", "user": 28, "content_type": 6, "object_id": "55", "object_repr": "teywind2022@gmail.com", "action_flag": 2, "change_message": "[{\"changed\": {\"fields\": [\"First name\", \"Last name\"]}}]"}}, {"model": "admin.logentry", "pk": 112, "fields": {"action_time": "2022-10-17T11:53:26.968Z", "user": 28, "content_type": 11, "object_id": "19", "object_repr": "Sandine", "action_flag": 3, "change_message": ""}}, {"model": "admin.logentry", "pk": 113, "fields": {"action_time": "2022-10-17T16:35:13.658Z", "user": 28, "content_type": 9, "object_id": "8", "object_repr": "Grandex", "action_flag": 2, "change_message": "[{\"changed\": {\"fields\": [\"Vendor name\"]}}]"}}, {"model": "admin.logentry", "pk": 114, "fields": {"action_time": "2022-10-18T15:10:41.063Z", "user": 28, "content_type": 7, "object_id": "69", "object_repr": "teywind2022@gmail.com", "action_flag": 2, "change_message": "[]"}}, {"model": "admin.logentry", "pk": 115, "fields": {"action_time": "2022-10-18T15:14:56.281Z", "user": 28, "content_type": 7, "object_id": "65", "object_repr": "princesoliu@gmail.com", "action_flag": 2, "change_message": "[]"}}, {"model": "admin.logentry", "pk": 116, "fields": {"action_time": "2022-10-18T15:15:15.368Z", "user": 28, "content_type": 7, "object_id": "65", "object_repr": "princesoliu@gmail.com", "action_flag": 2, "change_message": "[]"}}, {"model": "admin.logentry", "pk": 117, "fields": {"action_time": "2022-10-18T15:15:22.730Z", "user": 28, "content_type": 7, "object_id": "65", "object_repr": "princesoliu@gmail.com", "action_flag": 2, "change_message": "[]"}}, {"model": "admin.logentry", "pk": 118, "fields": {"action_time": "2022-10-18T15:15:41.027Z", "user": 28, "content_type": 7, "object_id": "65", "object_repr": "princesoliu@gmail.com", "action_flag": 2, "change_message": "[]"}}, {"model": "admin.logentry", "pk": 119, "fields": {"action_time": "2022-10-18T15:19:58.451Z", "user": 28, "content_type": 7, "object_id": "65", "object_repr": "princesoliu@gmail.com", "action_flag": 2, "change_message": "[]"}}, {"model": "admin.logentry", "pk": 120, "fields": {"action_time": "2022-10-18T15:20:01.221Z", "user": 28, "content_type": 7, "object_id": "65", "object_repr": "princesoliu@gmail.com", "action_flag": 2, "change_message": "[]"}}, {"model": "admin.logentry", "pk": 121, "fields": {"action_time": "2022-10-18T15:20:06.089Z", "user": 28, "content_type": 7, "object_id": "65", "object_repr": "princesoliu@gmail.com", "action_flag": 2, "change_message": "[]"}}, {"model": "admin.logentry", "pk": 122, "fields": {"action_time": "2022-10-18T15:20:21.623Z", "user": 28, "content_type": 7, "object_id": "69", "object_repr": "teywind2022@gmail.com", "action_flag": 2, "change_message": "[]"}}, {"model": "admin.logentry", "pk": 123, "fields": {"action_time": "2022-10-19T11:48:06.712Z", "user": 28, "content_type": 13, "object_id": "1", "object_repr": "OpeningHour object (1)", "action_flag": 1, "change_message": "[{\"added\": {}}]"}}, {"model": "admin.logentry", "pk": 124, "fields": {"action_time": "2022-10-19T11:48:23.923Z", "user": 28, "content_type": 13, "object_id": "1", "object_repr": "OpeningHour object (1)", "action_flag": 2, "change_message": "[]"}}, {"model": "admin.logentry", "pk": 125, "fields": {"action_time": "2022-10-19T17:46:47.746Z", "user": 28, "content_type": 13, "object_id": "9", "object_repr": "Monday", "action_flag": 3, "change_message": ""}}, {"model": "admin.logentry", "pk": 126, "fields": {"action_time": "2022-10-19T17:46:47.751Z", "user": 28, "content_type": 13, "object_id": "7", "object_repr": "Thursday", "action_flag": 3, "change_message": ""}}, {"model": "admin.logentry", "pk": 127, "fields": {"action_time": "2022-10-19T21:32:28.695Z", "user": 28, "content_type": 9, "object_id": "8", "object_repr": "Grandex", "action_flag": 2, "change_message": "[{\"changed\": {\"fields\": [\"Vendor slug\"]}}]"}}, {"model": "admin.logentry", "pk": 128, "fields": {"action_time": "2022-10-20T11:52:48.672Z", "user": 28, "content_type": 14, "object_id": "1", "object_repr": "CGT", "action_flag": 1, "change_message": "[{\"added\": {}}]"}}, {"model": "admin.logentry", "pk": 129, "fields": {"action_time": "2022-10-20T11:53:39.436Z", "user": 28, "content_type": 14, "object_id": "2", "object_repr": "CIT", "action_flag": 1, "change_message": "[{\"added\": {}}]"}}, {"model": "admin.logentry", "pk": 130, "fields": {"action_time": "2022-10-20T11:53:58.769Z", "user": 28, "content_type": 14, "object_id": "1", "object_repr": "CGT", "action_flag": 2, "change_message": "[{\"changed\": {\"fields\": [\"Tax Percentage (%)\"]}}]"}}, {"model": "admin.logentry", "pk": 131, "fields": {"action_time": "2022-10-20T11:54:08.940Z", "user": 28, "content_type": 14, "object_id": "3", "object_repr": "VAT", "action_flag": 1, "change_message": "[{\"added\": {}}]"}}, {"model": "admin.logentry", "pk": 132, "fields": {"action_time": "2022-10-20T12:22:38.343Z", "user": 28, "content_type": 12, "object_id": "35", "object_repr": "Cart object (35)", "action_flag": 3, "change_message": ""}}, {"model": "admin.logentry", "pk": 133, "fields": {"action_time": "2022-10-20T12:34:37.756Z", "user": 28, "content_type": 12, "object_id": "38", "object_repr": "Cart object (38)", "action_flag": 3, "change_message": ""}}, {"model": "admin.logentry", "pk": 134, "fields": {"action_time": "2022-10-20T12:35:09.441Z", "user": 28, "content_type": 12, "object_id": "39", "object_repr": "Cart object (39)", "action_flag": 3, "change_message": ""}}, {"model": "admin.logentry", "pk": 135, "fields": {"action_time": "2022-10-20T12:42:14.333Z", "user": 28, "content_type": 12, "object_id": "40", "object_repr": "Cart object (40)", "action_flag": 3, "change_message": ""}}, {"model": "admin.logentry", "pk": 136, "fields": {"action_time": "2022-10-20T12:53:47.842Z", "user": 28, "content_type": 12, "object_id": "41", "object_repr": "Cart object (41)", "action_flag": 3, "change_message": ""}}, {"model": "admin.logentry", "pk": 137, "fields": {"action_time": "2022-10-20T13:11:46.375Z", "user": 28, "content_type": 14, "object_id": "2", "object_repr": "CIT", "action_flag": 2, "change_message": "[{\"changed\": {\"fields\": [\"Is active\"]}}]"}}, {"model": "admin.logentry", "pk": 138, "fields": {"action_time": "2022-10-20T15:49:46.469Z", "user": 28, "content_type": 7, "object_id": "67", "object_repr": "adewale@gmail.com", "action_flag": 2, "change_message": "[{\"changed\": {\"fields\": [\"Profile picture\", \"Address\"]}}]"}}, {"model": "admin.logentry", "pk": 139, "fields": {"action_time": "2022-10-20T15:58:33.211Z", "user": 28, "content_type": 7, "object_id": "67", "object_repr": "adewale@gmail.com", "action_flag": 2, "change_message": "[{\"changed\": {\"fields\": [\"Cover photo\"]}}]"}}, {"model": "admin.logentry", "pk": 140, "fields": {"action_time": "2022-10-21T13:43:01.346Z", "user": 28, "content_type": 10, "object_id": "43", "object_repr": "Sardina pilchardus", "action_flag": 2, "change_message": "[{\"changed\": {\"fields\": [\"Price\"]}}]"}}, {"model": "admin.logentry", "pk": 141, "fields": {"action_time": "2022-10-21T13:43:11.157Z", "user": 28, "content_type": 10, "object_id": "42", "object_repr": "Keto beef shawarma", "action_flag": 2, "change_message": "[{\"changed\": {\"fields\": [\"Price\"]}}]"}}, {"model": "admin.logentry", "pk": 142, "fields": {"action_time": "2022-10-21T13:43:21.197Z", "user": 28, "content_type": 10, "object_id": "41", "object_repr": "Oven roasted chicken shawarma", "action_flag": 2, "change_message": "[{\"changed\": {\"fields\": [\"Price\"]}}]"}}, {"model": "admin.logentry", "pk": 143, "fields": {"action_time": "2022-10-21T13:43:31.042Z", "user": 28, "content_type": 10, "object_id": "37", "object_repr": "Jollof rice", "action_flag": 2, "change_message": "[{\"changed\": {\"fields\": [\"Price\"]}}]"}}, {"model": "admin.logentry", "pk": 144, "fields": {"action_time": "2022-10-21T13:43:41.276Z", "user": 28, "content_type": 10, "object_id": "35", "object_repr": "Fried rice", "action_flag": 2, "change_message": "[{\"changed\": {\"fields\": [\"Price\"]}}]"}}, {"model": "admin.logentry", "pk": 145, "fields": {"action_time": "2022-10-21T13:43:52.997Z", "user": 28, "content_type": 10, "object_id": "33", "object_repr": "Strawberry", "action_flag": 2, "change_message": "[{\"changed\": {\"fields\": [\"Price\"]}}]"}}, {"model": "admin.logentry", "pk": 146, "fields": {"action_time": "2022-10-21T13:44:02.299Z", "user": 28, "content_type": 10, "object_id": "5", "object_repr": "Italian pizza", "action_flag": 2, "change_message": "[{\"changed\": {\"fields\": [\"Price\"]}}]"}}, {"model": "admin.logentry", "pk": 147, "fields": {"action_time": "2022-10-21T13:44:12.063Z", "user": 28, "content_type": 10, "object_id": "4", "object_repr": "Sea food one", "action_flag": 2, "change_message": "[{\"changed\": {\"fields\": [\"Price\"]}}]"}}, {"model": "admin.logentry", "pk": 148, "fields": {"action_time": "2022-10-21T13:44:22.408Z", "user": 28, "content_type": 10, "object_id": "1", "object_repr": "Burger one", "action_flag": 2, "change_message": "[{\"changed\": {\"fields\": [\"Price\"]}}]"}}, {"model": "admin.logentry", "pk": 149, "fields": {"action_time": "2022-10-21T15:44:13.180Z", "user": 28, "content_type": 15, "object_id": "4", "object_repr": "20221021153816663666874", "action_flag": 3, "change_message": ""}}, {"model": "admin.logentry", "pk": 150, "fields": {"action_time": "2022-10-21T15:44:13.182Z", "user": 28, "content_type": 15, "object_id": "3", "object_repr": "202210211516663661933", "action_flag": 3, "change_message": ""}}, {"model": "admin.logentry", "pk": 151, "fields": {"action_time": "2022-10-21T15:44:13.186Z", "user": 28, "content_type": 15, "object_id": "2", "object_repr": "20221021151666366035None", "action_flag": 3, "change_message": ""}}, {"model": "admin.logentry", "pk": 152, "fields": {"action_time": "2022-10-24T10:04:24.498Z", "user": 28, "content_type": 6, "object_id": "57", "object_repr": "asoliudeen1@outlook.com", "action_flag": 3, "change_message": ""}}, {"model": "admin.logentry", "pk": 153, "fields": {"action_time": "2022-10-24T10:16:23.191Z", "user": 28, "content_type": 16, "object_id": "2", "object_repr": "4SP355216J061525V", "action_flag": 3, "change_message": ""}}, {"model": "admin.logentry", "pk": 154, "fields": {"action_time": "2022-10-24T10:16:23.195Z", "user": 28, "content_type": 16, "object_id": "1", "object_repr": "41U50861HT508345W", "action_flag": 3, "change_message": ""}}, {"model": "admin.logentry", "pk": 155, "fields": {"action_time": "2022-10-24T10:16:42.901Z", "user": 28, "content_type": 15, "object_id": "14", "object_repr": "202210241014", "action_flag": 3, "change_message": ""}}, {"model": "admin.logentry", "pk": 156, "fields": {"action_time": "2022-10-24T10:16:42.905Z", "user": 28, "content_type": 15, "object_id": "13", "object_repr": "202210222113", "action_flag": 3, "change_message": ""}}, {"model": "admin.logentry", "pk": 157, "fields": {"action_time": "2022-10-24T10:16:42.906Z", "user": 28, "content_type": 15, "object_id": "12", "object_repr": "202210222012", "action_flag": 3, "change_message": ""}}, {"model": "admin.logentry", "pk": 158, "fields": {"action_time": "2022-10-24T10:16:42.908Z", "user": 28, "content_type": 15, "object_id": "11", "object_repr": "202210222011", "action_flag": 3, "change_message": ""}}, {"model": "admin.logentry", "pk": 159, "fields": {"action_time": "2022-10-24T10:16:42.910Z", "user": 28, "content_type": 15, "object_id": "10", "object_repr": "202210222010", "action_flag": 3, "change_message": ""}}, {"model": "admin.logentry", "pk": 160, "fields": {"action_time": "2022-10-24T10:16:42.911Z", "user": 28, "content_type": 15, "object_id": "9", "object_repr": "20221022209", "action_flag": 3, "change_message": ""}}, {"model": "admin.logentry", "pk": 161, "fields": {"action_time": "2022-10-24T10:16:42.920Z", "user": 28, "content_type": 15, "object_id": "8", "object_repr": "20221022208", "action_flag": 3, "change_message": ""}}, {"model": "admin.logentry", "pk": 162, "fields": {"action_time": "2022-10-24T10:16:42.923Z", "user": 28, "content_type": 15, "object_id": "7", "object_repr": "20221021157", "action_flag": 3, "change_message": ""}}, {"model": "admin.logentry", "pk": 163, "fields": {"action_time": "2022-10-24T10:16:42.924Z", "user": 28, "content_type": 15, "object_id": "6", "object_repr": "20221021156", "action_flag": 3, "change_message": ""}}, {"model": "admin.logentry", "pk": 164, "fields": {"action_time": "2022-10-24T10:16:42.926Z", "user": 28, "content_type": 15, "object_id": "5", "object_repr": "2022102115%5", "action_flag": 3, "change_message": ""}}, {"model": "admin.logentry", "pk": 165, "fields": {"action_time": "2022-10-24T10:16:42.928Z", "user": 28, "content_type": 15, "object_id": "1", "object_repr": "1234", "action_flag": 3, "change_message": ""}}, {"model": "admin.logentry", "pk": 166, "fields": {"action_time": "2022-10-24T10:51:58.764Z", "user": 28, "content_type": 6, "object_id": "53", "object_repr": "asoliudeen1@outlook.com", "action_flag": 2, "change_message": "[{\"changed\": {\"fields\": [\"Email\"]}}]"}}, {"model": "admin.logentry", "pk": 167, "fields": {"action_time": "2022-10-24T10:52:10.109Z", "user": 28, "content_type": 15, "object_id": "15", "object_repr": "202210241015", "action_flag": 3, "change_message": ""}}, {"model": "admin.logentry", "pk": 168, "fields": {"action_time": "2022-10-24T10:52:20.666Z", "user": 28, "content_type": 16, "object_id": "3", "object_repr": "7CE08952U0604843E", "action_flag": 3, "change_message": ""}}, {"model": "admin.logentry", "pk": 169, "fields": {"action_time": "2022-10-24T10:53:59.385Z", "user": 28, "content_type": 15, "object_id": "16", "object_repr": "202210241016", "action_flag": 3, "change_message": ""}}, {"model": "admin.logentry", "pk": 170, "fields": {"action_time": "2022-10-24T10:54:08.427Z", "user": 28, "content_type": 16, "object_id": "4", "object_repr": "9SM31390EG028332K", "action_flag": 3, "change_message": ""}}, {"model": "admin.logentry", "pk": 171, "fields": {"action_time": "2022-10-24T13:34:21.863Z", "user": 28, "content_type": 16, "object_id": "9", "object_repr": "2H383210XM6670051", "action_flag": 3, "change_message": ""}}, {"model": "admin.logentry", "pk": 172, "fields": {"action_time": "2022-10-24T13:34:21.866Z", "user": 28, "content_type": 16, "object_id": "8", "object_repr": "24837976CB193052Y", "action_flag": 3, "change_message": ""}}, {"model": "admin.logentry", "pk": 173, "fields": {"action_time": "2022-10-24T13:34:21.868Z", "user": 28, "content_type": 16, "object_id": "7", "object_repr": "09U829425J852734C", "action_flag": 3, "change_message": ""}}, {"model": "admin.logentry", "pk": 174, "fields": {"action_time": "2022-10-24T13:34:21.870Z", "user": 28, "content_type": 16, "object_id": "6", "object_repr": "10X87641AB7974907", "action_flag": 3, "change_message": ""}}, {"model": "admin.logentry", "pk": 175, "fields": {"action_time": "2022-10-24T13:34:21.872Z", "user": 28, "content_type": 16, "object_id": "5", "object_repr": "8VC31468SN1198708", "action_flag": 3, "change_message": ""}}, {"model": "admin.logentry", "pk": 176, "fields": {"action_time": "2022-10-24T13:34:31.435Z", "user": 28, "content_type": 15, "object_id": "21", "object_repr": "202210241321", "action_flag": 3, "change_message": ""}}, {"model": "admin.logentry", "pk": 177, "fields": {"action_time": "2022-10-24T13:34:31.439Z", "user": 28, "content_type": 15, "object_id": "20", "object_repr": "202210241220", "action_flag": 3, "change_message": ""}}, {"model": "admin.logentry", "pk": 178, "fields": {"action_time": "2022-10-24T13:34:31.441Z", "user": 28, "content_type": 15, "object_id": "19", "object_repr": "202210241119", "action_flag": 3, "change_message": ""}}, {"model": "admin.logentry", "pk": 179, "fields": {"action_time": "2022-10-24T13:34:31.442Z", "user": 28, "content_type": 15, "object_id": "18", "object_repr": "202210241118", "action_flag": 3, "change_message": ""}}, {"model": "admin.logentry", "pk": 180, "fields": {"action_time": "2022-10-24T13:34:31.444Z", "user": 28, "content_type": 15, "object_id": "17", "object_repr": "202210241017", "action_flag": 3, "change_message": ""}}, {"model": "admin.logentry", "pk": 181, "fields": {"action_time": "2022-10-24T14:06:58.102Z", "user": 28, "content_type": 17, "object_id": "9", "object_repr": "Burger one", "action_flag": 3, "change_message": ""}}, {"model": "admin.logentry", "pk": 182, "fields": {"action_time": "2022-10-24T14:06:58.107Z", "user": 28, "content_type": 17, "object_id": "8", "object_repr": "Burger one", "action_flag": 3, "change_message": ""}}, {"model": "admin.logentry", "pk": 183, "fields": {"action_time": "2022-10-24T14:07:29.914Z", "user": 28, "content_type": 15, "object_id": "23", "object_repr": "202210241423", "action_flag": 3, "change_message": ""}}, {"model": "admin.logentry", "pk": 184, "fields": {"action_time": "2022-10-24T14:07:29.918Z", "user": 28, "content_type": 15, "object_id": "22", "object_repr": "202210241322", "action_flag": 3, "change_message": ""}}, {"model": "admin.logentry", "pk": 185, "fields": {"action_time": "2022-10-24T14:07:37.817Z", "user": 28, "content_type": 16, "object_id": "11", "object_repr": "5XM6119797056421K", "action_flag": 3, "change_message": ""}}, {"model": "admin.logentry", "pk": 186, "fields": {"action_time": "2022-10-24T14:07:37.822Z", "user": 28, "content_type": 16, "object_id": "10", "object_repr": "0CA39097EV8580302", "action_flag": 3, "change_message": ""}}, {"model": "admin.logentry", "pk": 187, "fields": {"action_time": "2022-10-24T14:27:24.654Z", "user": 28, "content_type": 17, "object_id": "10", "object_repr": "Burger one", "action_flag": 3, "change_message": ""}}, {"model": "admin.logentry", "pk": 188, "fields": {"action_time": "2022-10-24T14:27:32.872Z", "user": 28, "content_type": 15, "object_id": "24", "object_repr": "202210241424", "action_flag": 3, "change_message": ""}}, {"model": "admin.logentry", "pk": 189, "fields": {"action_time": "2022-10-24T14:27:42.365Z", "user": 28, "content_type": 16, "object_id": "12", "object_repr": "94F46523YE9453725", "action_flag": 3, "change_message": ""}}, {"model": "admin.logentry", "pk": 190, "fields": {"action_time": "2022-10-24T19:38:22.993Z", "user": 28, "content_type": 12, "object_id": "28", "object_repr": "Cart object (28)", "action_flag": 3, "change_message": ""}}, {"model": "admin.logentry", "pk": 191, "fields": {"action_time": "2022-10-24T19:38:23.018Z", "user": 28, "content_type": 12, "object_id": "26", "object_repr": "Cart object (26)", "action_flag": 3, "change_message": ""}}, {"model": "admin.logentry", "pk": 192, "fields": {"action_time": "2022-10-24T19:38:34.794Z", "user": 28, "content_type": 17, "object_id": "13", "object_repr": "Burger one", "action_flag": 3, "change_message": ""}}, {"model": "admin.logentry", "pk": 193, "fields": {"action_time": "2022-10-24T19:38:34.797Z", "user": 28, "content_type": 17, "object_id": "12", "object_repr": "Italian pizza", "action_flag": 3, "change_message": ""}}, {"model": "admin.logentry", "pk": 194, "fields": {"action_time": "2022-10-24T19:38:34.798Z", "user": 28, "content_type": 17, "object_id": "11", "object_repr": "Keto beef shawarma", "action_flag": 3, "change_message": ""}}, {"model": "admin.logentry", "pk": 195, "fields": {"action_time": "2022-10-24T19:39:04.637Z", "user": 28, "content_type": 15, "object_id": "25", "object_repr": "202210241425", "action_flag": 3, "change_message": ""}}, {"model": "admin.logentry", "pk": 196, "fields": {"action_time": "2022-10-24T19:39:14.342Z", "user": 28, "content_type": 16, "object_id": "13", "object_repr": "29M29422U2020484J", "action_flag": 3, "change_message": ""}}, {"model": "admin.logentry", "pk": 197, "fields": {"action_time": "2022-10-24T19:44:30.171Z", "user": 28, "content_type": 17, "object_id": "14", "object_repr": "Keto beef shawarma", "action_flag": 3, "change_message": ""}}, {"model": "admin.logentry", "pk": 198, "fields": {"action_time": "2022-10-24T19:44:37.957Z", "user": 28, "content_type": 15, "object_id": "26", "object_repr": "202210241926", "action_flag": 3, "change_message": ""}}, {"model": "admin.logentry", "pk": 199, "fields": {"action_time": "2022-10-24T19:44:45.627Z", "user": 28, "content_type": 16, "object_id": "14", "object_repr": "9PG578494R061932R", "action_flag": 3, "change_message": ""}}, {"model": "admin.logentry", "pk": 200, "fields": {"action_time": "2022-10-24T19:51:37.069Z", "user": 28, "content_type": 15, "object_id": "27", "object_repr": "202210241927", "action_flag": 3, "change_message": ""}}, {"model": "admin.logentry", "pk": 201, "fields": {"action_time": "2022-10-24T19:51:46.125Z", "user": 28, "content_type": 16, "object_id": "15", "object_repr": "6RK819237E249482H", "action_flag": 3, "change_message": ""}}, {"model": "admin.logentry", "pk": 202, "fields": {"action_time": "2022-10-24T20:12:33.730Z", "user": 28, "content_type": 17, "object_id": "18", "object_repr": "Keto beef shawarma", "action_flag": 3, "change_message": ""}}, {"model": "admin.logentry", "pk": 203, "fields": {"action_time": "2022-10-24T20:12:33.733Z", "user": 28, "content_type": 17, "object_id": "17", "object_repr": "Keto beef shawarma", "action_flag": 3, "change_message": ""}}, {"model": "admin.logentry", "pk": 204, "fields": {"action_time": "2022-10-24T20:12:33.735Z", "user": 28, "content_type": 17, "object_id": "16", "object_repr": "Keto beef shawarma", "action_flag": 3, "change_message": ""}}, {"model": "admin.logentry", "pk": 205, "fields": {"action_time": "2022-10-24T20:12:42.376Z", "user": 28, "content_type": 15, "object_id": "30", "object_repr": "202210242030", "action_flag": 3, "change_message": ""}}, {"model": "admin.logentry", "pk": 206, "fields": {"action_time": "2022-10-24T20:12:42.380Z", "user": 28, "content_type": 15, "object_id": "29", "object_repr": "202210241929", "action_flag": 3, "change_message": ""}}, {"model": "admin.logentry", "pk": 207, "fields": {"action_time": "2022-10-24T20:12:42.381Z", "user": 28, "content_type": 15, "object_id": "28", "object_repr": "202210241928", "action_flag": 3, "change_message": ""}}, {"model": "admin.logentry", "pk": 208, "fields": {"action_time": "2022-10-24T20:12:50.585Z", "user": 28, "content_type": 16, "object_id": "18", "object_repr": "8KK43617S1252961M", "action_flag": 3, "change_message": ""}}, {"model": "admin.logentry", "pk": 209, "fields": {"action_time": "2022-10-24T20:12:50.588Z", "user": 28, "content_type": 16, "object_id": "17", "object_repr": "5CL23129JV952563P", "action_flag": 3, "change_message": ""}}, {"model": "admin.logentry", "pk": 210, "fields": {"action_time": "2022-10-24T20:12:50.590Z", "user": 28, "content_type": 16, "object_id": "16", "object_repr": "29M62553NC942853N", "action_flag": 3, "change_message": ""}}, {"model": "admin.logentry", "pk": 211, "fields": {"action_time": "2022-10-25T15:35:48.498Z", "user": 28, "content_type": 15, "object_id": "31", "object_repr": "202210242031", "action_flag": 2, "change_message": "[{\"changed\": {\"fields\": [\"Vendors\"]}}]"}}, {"model": "admin.logentry", "pk": 212, "fields": {"action_time": "2022-10-25T16:37:27.320Z", "user": 28, "content_type": 15, "object_id": "33", "object_repr": "202210251633", "action_flag": 3, "change_message": ""}}, {"model": "admin.logentry", "pk": 213, "fields": {"action_time": "2022-10-25T16:37:27.325Z", "user": 28, "content_type": 15, "object_id": "32", "object_repr": "202210251632", "action_flag": 3, "change_message": ""}}, {"model": "admin.logentry", "pk": 214, "fields": {"action_time": "2022-10-25T16:38:10.043Z", "user": 28, "content_type": 16, "object_id": "21", "object_repr": "9BV93914H2588390S", "action_flag": 3, "change_message": ""}}, {"model": "admin.logentry", "pk": 215, "fields": {"action_time": "2022-10-25T16:38:10.047Z", "user": 28, "content_type": 16, "object_id": "20", "object_repr": "9DT717302T238813S", "action_flag": 3, "change_message": ""}}, {"model": "auth.permission", "pk": 1, "fields": {"name": "Can add log entry", "content_type": 1, "codename": "add_logentry"}}, {"model": "auth.permission", "pk": 2, "fields": {"name": "Can change log entry", "content_type": 1, "codename": "change_logentry"}}, {"model": "auth.permission", "pk": 3, "fields": {"name": "Can delete log entry", "content_type": 1, "codename": "delete_logentry"}}, {"model": "auth.permission", "pk": 4, "fields": {"name": "Can view log entry", "content_type": 1, "codename": "view_logentry"}}, {"model": "auth.permission", "pk": 5, "fields": {"name": "Can add permission", "content_type": 2, "codename": "add_permission"}}, {"model": "auth.permission", "pk": 6, "fields": {"name": "Can change permission", "content_type": 2, "codename": "change_permission"}}, {"model": "auth.permission", "pk": 7, "fields": {"name": "Can delete permission", "content_type": 2, "codename": "delete_permission"}}, {"model": "auth.permission", "pk": 8, "fields": {"name": "Can view permission", "content_type": 2, "codename": "view_permission"}}, {"model": "auth.permission", "pk": 9, "fields": {"name": "Can add group", "content_type": 3, "codename": "add_group"}}, {"model": "auth.permission", "pk": 10, "fields": {"name": "Can change group", "content_type": 3, "codename": "change_group"}}, {"model": "auth.permission", "pk": 11, "fields": {"name": "Can delete group", "content_type": 3, "codename": "delete_group"}}, {"model": "auth.permission", "pk": 12, "fields": {"name": "Can view group", "content_type": 3, "codename": "view_group"}}, {"model": "auth.permission", "pk": 13, "fields": {"name": "Can add content type", "content_type": 4, "codename": "add_contenttype"}}, {"model": "auth.permission", "pk": 14, "fields": {"name": "Can change content type", "content_type": 4, "codename": "change_contenttype"}}, {"model": "auth.permission", "pk": 15, "fields": {"name": "Can delete content type", "content_type": 4, "codename": "delete_contenttype"}}, {"model": "auth.permission", "pk": 16, "fields": {"name": "Can view content type", "content_type": 4, "codename": "view_contenttype"}}, {"model": "auth.permission", "pk": 17, "fields": {"name": "Can add session", "content_type": 5, "codename": "add_session"}}, {"model": "auth.permission", "pk": 18, "fields": {"name": "Can change session", "content_type": 5, "codename": "change_session"}}, {"model": "auth.permission", "pk": 19, "fields": {"name": "Can delete session", "content_type": 5, "codename": "delete_session"}}, {"model": "auth.permission", "pk": 20, "fields": {"name": "Can view session", "content_type": 5, "codename": "view_session"}}, {"model": "auth.permission", "pk": 21, "fields": {"name": "Can add user", "content_type": 6, "codename": "add_user"}}, {"model": "auth.permission", "pk": 22, "fields": {"name": "Can change user", "content_type": 6, "codename": "change_user"}}, {"model": "auth.permission", "pk": 23, "fields": {"name": "Can delete user", "content_type": 6, "codename": "delete_user"}}, {"model": "auth.permission", "pk": 24, "fields": {"name": "Can view user", "content_type": 6, "codename": "view_user"}}, {"model": "auth.permission", "pk": 25, "fields": {"name": "Can add user profile", "content_type": 7, "codename": "add_userprofile"}}, {"model": "auth.permission", "pk": 26, "fields": {"name": "Can change user profile", "content_type": 7, "codename": "change_userprofile"}}, {"model": "auth.permission", "pk": 27, "fields": {"name": "Can delete user profile", "content_type": 7, "codename": "delete_userprofile"}}, {"model": "auth.permission", "pk": 28, "fields": {"name": "Can view user profile", "content_type": 7, "codename": "view_userprofile"}}, {"model": "auth.permission", "pk": 29, "fields": {"name": "Can add vendor", "content_type": 8, "codename": "add_vendor"}}, {"model": "auth.permission", "pk": 30, "fields": {"name": "Can change vendor", "content_type": 8, "codename": "change_vendor"}}, {"model": "auth.permission", "pk": 31, "fields": {"name": "Can delete vendor", "content_type": 8, "codename": "delete_vendor"}}, {"model": "auth.permission", "pk": 32, "fields": {"name": "Can view vendor", "content_type": 8, "codename": "view_vendor"}}, {"model": "auth.permission", "pk": 33, "fields": {"name": "Can add vendor", "content_type": 9, "codename": "add_vendor"}}, {"model": "auth.permission", "pk": 34, "fields": {"name": "Can change vendor", "content_type": 9, "codename": "change_vendor"}}, {"model": "auth.permission", "pk": 35, "fields": {"name": "Can delete vendor", "content_type": 9, "codename": "delete_vendor"}}, {"model": "auth.permission", "pk": 36, "fields": {"name": "Can view vendor", "content_type": 9, "codename": "view_vendor"}}, {"model": "auth.permission", "pk": 37, "fields": {"name": "Can add food item", "content_type": 10, "codename": "add_fooditem"}}, {"model": "auth.permission", "pk": 38, "fields": {"name": "Can change food item", "content_type": 10, "codename": "change_fooditem"}}, {"model": "auth.permission", "pk": 39, "fields": {"name": "Can delete food item", "content_type": 10, "codename": "delete_fooditem"}}, {"model": "auth.permission", "pk": 40, "fields": {"name": "Can view food item", "content_type": 10, "codename": "view_fooditem"}}, {"model": "auth.permission", "pk": 41, "fields": {"name": "Can add category", "content_type": 11, "codename": "add_category"}}, {"model": "auth.permission", "pk": 42, "fields": {"name": "Can change category", "content_type": 11, "codename": "change_category"}}, {"model": "auth.permission", "pk": 43, "fields": {"name": "Can delete category", "content_type": 11, "codename": "delete_category"}}, {"model": "auth.permission", "pk": 44, "fields": {"name": "Can view category", "content_type": 11, "codename": "view_category"}}, {"model": "auth.permission", "pk": 45, "fields": {"name": "Can add cart", "content_type": 12, "codename": "add_cart"}}, {"model": "auth.permission", "pk": 46, "fields": {"name": "Can change cart", "content_type": 12, "codename": "change_cart"}}, {"model": "auth.permission", "pk": 47, "fields": {"name": "Can delete cart", "content_type": 12, "codename": "delete_cart"}}, {"model": "auth.permission", "pk": 48, "fields": {"name": "Can view cart", "content_type": 12, "codename": "view_cart"}}, {"model": "auth.permission", "pk": 49, "fields": {"name": "Can add opening hour", "content_type": 13, "codename": "add_openinghour"}}, {"model": "auth.permission", "pk": 50, "fields": {"name": "Can change opening hour", "content_type": 13, "codename": "change_openinghour"}}, {"model": "auth.permission", "pk": 51, "fields": {"name": "Can delete opening hour", "content_type": 13, "codename": "delete_openinghour"}}, {"model": "auth.permission", "pk": 52, "fields": {"name": "Can view opening hour", "content_type": 13, "codename": "view_openinghour"}}, {"model": "auth.permission", "pk": 53, "fields": {"name": "Can add tax", "content_type": 14, "codename": "add_tax"}}, {"model": "auth.permission", "pk": 54, "fields": {"name": "Can change tax", "content_type": 14, "codename": "change_tax"}}, {"model": "auth.permission", "pk": 55, "fields": {"name": "Can delete tax", "content_type": 14, "codename": "delete_tax"}}, {"model": "auth.permission", "pk": 56, "fields": {"name": "Can view tax", "content_type": 14, "codename": "view_tax"}}, {"model": "auth.permission", "pk": 57, "fields": {"name": "Can add order", "content_type": 15, "codename": "add_order"}}, {"model": "auth.permission", "pk": 58, "fields": {"name": "Can change order", "content_type": 15, "codename": "change_order"}}, {"model": "auth.permission", "pk": 59, "fields": {"name": "Can delete order", "content_type": 15, "codename": "delete_order"}}, {"model": "auth.permission", "pk": 60, "fields": {"name": "Can view order", "content_type": 15, "codename": "view_order"}}, {"model": "auth.permission", "pk": 61, "fields": {"name": "Can add payment", "content_type": 16, "codename": "add_payment"}}, {"model": "auth.permission", "pk": 62, "fields": {"name": "Can change payment", "content_type": 16, "codename": "change_payment"}}, {"model": "auth.permission", "pk": 63, "fields": {"name": "Can delete payment", "content_type": 16, "codename": "delete_payment"}}, {"model": "auth.permission", "pk": 64, "fields": {"name": "Can view payment", "content_type": 16, "codename": "view_payment"}}, {"model": "auth.permission", "pk": 65, "fields": {"name": "Can add ordered food", "content_type": 17, "codename": "add_orderedfood"}}, {"model": "auth.permission", "pk": 66, "fields": {"name": "Can change ordered food", "content_type": 17, "codename": "change_orderedfood"}}, {"model": "auth.permission", "pk": 67, "fields": {"name": "Can delete ordered food", "content_type": 17, "codename": "delete_orderedfood"}}, {"model": "auth.permission", "pk": 68, "fields": {"name": "Can view ordered food", "content_type": 17, "codename": "view_orderedfood"}}, {"model": "contenttypes.contenttype", "pk": 1, "fields": {"app_label": "admin", "model": "logentry"}}, {"model": "contenttypes.contenttype", "pk": 2, "fields": {"app_label": "auth", "model": "permission"}}, {"model": "contenttypes.contenttype", "pk": 3, "fields": {"app_label": "auth", "model": "group"}}, {"model": "contenttypes.contenttype", "pk": 4, "fields": {"app_label": "contenttypes", "model": "contenttype"}}, {"model": "contenttypes.contenttype", "pk": 5, "fields": {"app_label": "sessions", "model": "session"}}, {"model": "contenttypes.contenttype", "pk": 6, "fields": {"app_label": "accounts", "model": "user"}}, {"model": "contenttypes.contenttype", "pk": 7, "fields": {"app_label": "accounts", "model": "userprofile"}}, {"model": "contenttypes.contenttype", "pk": 8, "fields": {"app_label": "vendor", "model": "vendor"}}, {"model": "contenttypes.contenttype", "pk": 9, "fields": {"app_label": "vendors", "model": "vendor"}}, {"model": "contenttypes.contenttype", "pk": 10, "fields": {"app_label": "menu", "model": "fooditem"}}, {"model": "contenttypes.contenttype", "pk": 11, "fields": {"app_label": "menu", "model": "category"}}, {"model": "contenttypes.contenttype", "pk": 12, "fields": {"app_label": "marketplace", "model": "cart"}}, {"model": "contenttypes.contenttype", "pk": 13, "fields": {"app_label": "vendors", "model": "openinghour"}}, {"model": "contenttypes.contenttype", "pk": 14, "fields": {"app_label": "marketplace", "model": "tax"}}, {"model": "contenttypes.contenttype", "pk": 15, "fields": {"app_label": "orders", "model": "order"}}, {"model": "contenttypes.contenttype", "pk": 16, "fields": {"app_label": "orders", "model": "payment"}}, {"model": "contenttypes.contenttype", "pk": 17, "fields": {"app_label": "orders", "model": "orderedfood"}}, {"model": "sessions.session", "pk": "0h1a6djdyarntlhg2kkip0tnpjoahyql", "fields": {"session_data": "e30:1ok0mv:b7AYaOOHG9gHDn2YAnOf7VWIASUh1-ehhbHXllKEIe4", "expire_date": "2022-10-30T10:22:33.354Z"}}, {"model": "sessions.session", "pk": "1477oneidvh83ofkmmo7b4t1m07bi4r2", "fields": {"session_data": ".eJxVjDEOwjAMRe-SGUXBbUPMyM4ZIjt2SAGlUtNOiLtDpQ6w_vfef5lI61Li2nSOo5izgWAOvyNTemjdiNyp3iabprrMI9tNsTtt9jqJPi-7-3dQqJVvzaiamcllJ8jHoSMgD-Ilg_DQoRKGxF49ZRSFrgeHjjIgQTj1Sub9AUuhOVU:1okNuh:2-M11w74AtNufJ4QdcTrOK86VL7p0K_C0QXcPgJAn7M", "expire_date": "2022-10-31T11:04:07.395Z"}}, {"model": "sessions.session", "pk": "26odwtuihwvmnwsg4mudavemcbn9g6e0", "fields": {"session_data": ".eJxVjEEOwiAQRe_C2pCOwjC6dN8zEAYGqRpISrsy3l2bdKHb_977L-XDuhS_dpn9lNRFWVCH35FDfEjdSLqHems6trrME-tN0TvtemxJntfd_TsooZdvDZTRgskSLVseiLIxyIzsHII7hcRkBRAzCyHTIMcAmRMQxrMFl9X7AwwxOEo:1okP65:QT57S-J9Z1CWoyJQdMsYjPoZLLuVC6itHSyOZSP0xOc", "expire_date": "2022-10-31T12:19:57.241Z"}}, {"model": "sessions.session", "pk": "313xr9dv4hpvcrdp26mjf06cn1wl0pqt", "fields": {"session_data": ".eJxVjEEOwiAQRe_C2pCOwjC6dN8zEAYGqRpISrsy3l2bdKHb_977L-XDuhS_dpn9lNRFWVCH35FDfEjdSLqHems6trrME-tN0TvtemxJntfd_TsooZdvDZTRgskSLVseiLIxyIzsHII7hcRkBRAzCyHTIMcAmRMQxrMFl9X7AwwxOEo:1olUAw:C9t3LTSfnUc-lGWuf5O_EIJznyBBgqMWv_6rtHDnT4k", "expire_date": "2022-11-03T11:57:26.088Z"}}, {"model": "sessions.session", "pk": "36fpzkmmefu4ricfmy28pn0nxfqbr18s", "fields": {"session_data": ".eJxVjEEOwiAQRe_C2pCOwjC6dN8zEAYGqRpISrsy3l2bdKHb_977L-XDuhS_dpn9lNRFWVCH35FDfEjdSLqHems6trrME-tN0TvtemxJntfd_TsooZdvDZTRgskSLVseiLIxyIzsHII7hcRkBRAzCyHTIMcAmRMQxrMFl9X7AwwxOEo:1ofGVy:KNyOHDfOy5CuYxUxP4-6NxgES0yKw8hgrG1UdCufreM", "expire_date": "2022-10-17T08:09:26.387Z"}}, {"model": "sessions.session", "pk": "3n5uut6wjle704ohrndud65e906ljnpr", "fields": {"session_data": ".eJxVjDEOwjAMRe-SGUXBbUPMyM4ZIjt2SAGlUtNOiLtDpQ6w_vfef5lI61Li2nSOo5izgWAOvyNTemjdiNyp3iabprrMI9tNsTtt9jqJPi-7-3dQqJVvzaiamcllJ8jHoSMgD-Ilg_DQoRKGxF49ZRSFrgeHjjIgQTj1Sub9AUuhOVU:1od703:P5Q-3aYdzHFWQyBRahCECG7GfRQfS7A2OHukvs-c2yg", "expire_date": "2022-10-11T09:35:35.837Z"}}, {"model": "sessions.session", "pk": "5f2uncjq37cmh6b81k46j1cvsr0owvzu", "fields": {"session_data": ".eJxVjEEOgjAQRe_StWnKTCni0j1nIDOdqaCmTSisjHdXEha6_e-9_zIjbes0blWXcRZzMS2Y0-_IFB-adyJ3yrdiY8nrMrPdFXvQaoci-rwe7t_BRHX61gmBo4egGNCxYA-hdUGwa0BFyQMSSycQm9RB8h5dH0LP58QKqOzM-wP9vzf3:1odf2u:amte713ooloyyYd9d4KqqutfveEE5aerzbeNbU8enQ0", "expire_date": "2022-10-12T21:56:48.152Z"}}, {"model": "sessions.session", "pk": "5ys48x6k2v2emonttv1djqfe8xhnllrm", "fields": {"session_data": "e30:1oZVHt:UdxDbxV88QKoGWG1IbImsov5d4YCtFbe3IU3LNPnvW4", "expire_date": "2022-10-01T10:43:05.091Z"}}, {"model": "sessions.session", "pk": "6xrh5ozxopk6ceb0zg17zlw2bxagyqs0", "fields": {"session_data": "e30:1okLzf:BSUSKFf_rINHKtz5QrpzxEnWYHJx_HOakHq7Ag8RlO8", "expire_date": "2022-10-31T09:01:07.670Z"}}, {"model": "sessions.session", "pk": "9cw5hf4759wbjp0y4tokstiz5z9oocp9", "fields": {"session_data": ".eJxVjDEOwjAMRe-SGUXBbUPMyM4ZIjt2SAGlUtNOiLtDpQ6w_vfef5lI61Li2nSOo5izgWAOvyNTemjdiNyp3iabprrMI9tNsTtt9jqJPi-7-3dQqJVvzaiamcllJ8jHoSMgD-Ilg_DQoRKGxF49ZRSFrgeHjjIgQTj1Sub9AUuhOVU:1oZVLq:kEG04ZYPNF2DolkkW06iUJCG_1KTsh8o1nLdYx16Cw8", "expire_date": "2022-10-01T10:47:10.619Z"}}, {"model": "sessions.session", "pk": "9vp8rtymg4r14i3w76xifjnilye6lr4d", "fields": {"session_data": ".eJxVjDEOwjAMRe-SGUXBbUPMyM4ZIjt2SAGlUtNOiLtDpQ6w_vfef5lI61Li2nSOo5izgWAOvyNTemjdiNyp3iabprrMI9tNsTtt9jqJPi-7-3dQqJVvzaiamcllJ8jHoSMgD-Ilg_DQoRKGxF49ZRSFrgeHjjIgQTj1Sub9AUuhOVU:1old5q:O5J0R4y9FDGWs20dvAyXXZh1KRAR0tuFhgrI5d4e1_c", "expire_date": "2022-11-03T21:28:46.549Z"}}, {"model": "sessions.session", "pk": "baxkw1sf41232abr1f2jwmw9yr0t7qz0", "fields": {"session_data": ".eJxVjDEOwjAMRe-SGUXBbUPMyM4ZIjt2SAGlUtNOiLtDpQ6w_vfef5lI61Li2nSOo5izgWAOvyNTemjdiNyp3iabprrMI9tNsTtt9jqJPi-7-3dQqJVvzaiamcllJ8jHoSMgD-Ilg_DQoRKGxF49ZRSFrgeHjjIgQTj1Sub9AUuhOVU:1omuJW:NlC0ohqsLSP2OzAh6nblr6IEEyhpM37aRrruVEdzX8g", "expire_date": "2022-11-07T10:04:10.741Z"}}, {"model": "sessions.session", "pk": "c9mgjyj1xmzmnbof1s0c5bc1dlphhv7x", "fields": {"session_data": ".eJxVjDEOwjAMRe-SGUXBbUPMyM4ZIjt2SAGlUtNOiLtDpQ6w_vfef5lI61Li2nSOo5izgWAOvyNTemjdiNyp3iabprrMI9tNsTtt9jqJPi-7-3dQqJVvzaiamcllJ8jHoSMgD-Ilg_DQoRKGxF49ZRSFrgeHjjIgQTj1Sub9AUuhOVU:1olD92:3xPPZPE4MgZICTaQkqm-bJSKXq7ouLQHSTr7u-U1pfA", "expire_date": "2022-11-02T17:46:20.601Z"}}, {"model": "sessions.session", "pk": "d2ur65zq2ew7xrr0c6fcu1xoecn2sy3x", "fields": {"session_data": ".eJxVjDEOwjAMRe-SGUXBbUPMyM4ZIjt2SAGlUtNOiLtDpQ6w_vfef5lI61Li2nSOo5izgWAOvyNTemjdiNyp3iabprrMI9tNsTtt9jqJPi-7-3dQqJVvzaiamcllJ8jHoSMgD-Ilg_DQoRKGxF49ZRSFrgeHjjIgQTj1Sub9AUuhOVU:1onijW:r0sKWPbgYbt1i0ZnOf8aDJIXCAOMt7YSNUdnl6Cb0Uk", "expire_date": "2022-11-09T15:54:22.345Z"}}, {"model": "sessions.session", "pk": "dm6x0wk640uhcdp2225b8x3ajvpcruxf", "fields": {"session_data": ".eJxVjDEOwjAMRe-SGUXBbUPMyM4ZIjt2SAGlUtNOiLtDpQ6w_vfef5lI61Li2nSOo5izgWAOvyNTemjdiNyp3iabprrMI9tNsTtt9jqJPi-7-3dQqJVvzaiamcllJ8jHoSMgD-Ilg_DQoRKGxF49ZRSFrgeHjjIgQTj1Sub9AUuhOVU:1oZeZy:cd2rfAIgDnk_8cQehc4uDBoDZVlAIOPy_VR9McpZWxg", "expire_date": "2022-10-01T20:38:22.608Z"}}, {"model": "sessions.session", "pk": "dw6tn73nen6nnojirgfstyz618pk1l0m", "fields": {"session_data": "e30:1okLyx:xihzH3paB4493lYwMq5Pbg5v9tv9G_cuHBOaAGSLJ9s", "expire_date": "2022-10-31T09:00:23.895Z"}}, {"model": "sessions.session", "pk": "e33cg7lq0gm9g9y5l2i1sx012gsw0vk0", "fields": {"session_data": "e30:1oZSvf:CEItgtLLAYmW26Pmag3rUSxXFqsAmyCTDLCDfNvnJBc", "expire_date": "2022-10-01T08:11:59.139Z"}}, {"model": "sessions.session", "pk": "f33toiro1mn3atiyn8gwmn2uk8wx6i9o", "fields": {"session_data": ".eJxVjDEOwjAMRe-SGUXBbUPMyM4ZIjt2SAGlUtNOiLtDpQ6w_vfef5lI61Li2nSOo5izgWAOvyNTemjdiNyp3iabprrMI9tNsTtt9jqJPi-7-3dQqJVvzaiamcllJ8jHoSMgD-Ilg_DQoRKGxF49ZRSFrgeHjjIgQTj1Sub9AUuhOVU:1ocmTr:sx8ea8pqlrOflgZttlj6UV1nF5IRC4h56fKawzMYY78", "expire_date": "2022-10-10T11:40:59.323Z"}}, {"model": "sessions.session", "pk": "fad09fib9gb77cq4qb4x8yle2nn0ci8t", "fields": {"session_data": ".eJxVjDEOwjAMRe-SGUXBbUPMyM4ZIjt2SAGlUtNOiLtDpQ6w_vfef5lI61Li2nSOo5izgWAOvyNTemjdiNyp3iabprrMI9tNsTtt9jqJPi-7-3dQqJVvzaiamcllJ8jHoSMgD-Ilg_DQoRKGxF49ZRSFrgeHjjIgQTj1Sub9AUuhOVU:1ocTxl:qo4R_4f6d1TB2Posxd3xy82SPjKaWA3aiWsw1J2qIBA", "expire_date": "2022-10-09T15:54:37.882Z"}}, {"model": "sessions.session", "pk": "fda6p50wwwpwmjderwchtvmwifzbg1x8", "fields": {"session_data": ".eJxVjDEOwjAMRe-SGUXBbUPMyM4ZIjt2SAGlUtNOiLtDpQ6w_vfef5lI61Li2nSOo5izgWAOvyNTemjdiNyp3iabprrMI9tNsTtt9jqJPi-7-3dQqJVvzaiamcllJ8jHoSMgD-Ilg_DQoRKGxF49ZRSFrgeHjjIgQTj1Sub9AUuhOVU:1olWEw:hSUfG8bbAkFyIsKg3W94FgtgQgk7WyWM9ayC4HwywMg", "expire_date": "2022-11-03T14:09:42.492Z"}}, {"model": "sessions.session", "pk": "h9imce4uhh9k4p5o1hweype5awkzsx6f", "fields": {"session_data": ".eJxVjDEOwjAMRe-SGUXBbUPMyM4ZIjt2SAGlUtNOiLtDpQ6w_vfef5lI61Li2nSOo5izgWAOvyNTemjdiNyp3iabprrMI9tNsTtt9jqJPi-7-3dQqJVvzaiamcllJ8jHoSMgD-Ilg_DQoRKGxF49ZRSFrgeHjjIgQTj1Sub9AUuhOVU:1onLcp:41z03BYd86ZJ213_wDqdp3X688s_OyCU5dfXKSlEFVc", "expire_date": "2022-11-08T15:13:55.214Z"}}, {"model": "sessions.session", "pk": "mroaz3wbh7grk0dse16mgtvry6199iff", "fields": {"session_data": ".eJxVjDsOwjAQBe_iGln-fyjpOYO167VxADlSnFSIu0OkFNC-mXkvlmBbW9pGWdJE7MysZaffESE_St8J3aHfZp7nvi4T8l3hBx38OlN5Xg7376DBaN9aCQFUtJdOuZwNSq2pYgzVZIQCktBVYYOwzjkfQEaBsmppSlTgqwD2_gAQuDgi:1olGM0:ehpt4MzK9PzI90_DgmeHJoGzDCf-QSLHprdCpbPhYK8", "expire_date": "2022-11-02T21:11:56.766Z"}}, {"model": "sessions.session", "pk": "na1kgbyos6blnlfeacrctp5qlni30imw", "fields": {"session_data": ".eJxVjDEOwjAMRe-SGUXBbUPMyM4ZIjt2SAGlUtNOiLtDpQ6w_vfef5lI61Li2nSOo5izgWAOvyNTemjdiNyp3iabprrMI9tNsTtt9jqJPi-7-3dQqJVvzaiamcllJ8jHoSMgD-Ilg_DQoRKGxF49ZRSFrgeHjjIgQTj1Sub9AUuhOVU:1od7Al:3VQgKTtSkmQQTC0yfzspeEfIkdMrILUgltqWy-2YHpg", "expire_date": "2022-10-11T09:46:39.670Z"}}, {"model": "sessions.session", "pk": "q0g26mrktbra6ebl5fq75fp9cofic9qz", "fields": {"session_data": "e30:1okM34:rGKVHqW4ud-iL4UFV3b0dcFegiDQpJPXX4VaHfTkCHg", "expire_date": "2022-10-31T09:04:38.507Z"}}, {"model": "sessions.session", "pk": "q82lgdeq5shonvtrv2bpc05izu2vdpal", "fields": {"session_data": ".eJxVjDEOwjAMRe-SGUXBbUPMyM4ZIjt2SAGlUtNOiLtDpQ6w_vfef5lI61Li2nSOo5izgWAOvyNTemjdiNyp3iabprrMI9tNsTtt9jqJPi-7-3dQqJVvzaiamcllJ8jHoSMgD-Ilg_DQoRKGxF49ZRSFrgeHjjIgQTj1Sub9AUuhOVU:1oae1s:FC-XJI1Um6tlm7twNcCRR311hPJUckv84zGvZF58lKw", "expire_date": "2022-10-04T14:15:16.230Z"}}, {"model": "sessions.session", "pk": "qjy8iln0ewh1gt6fyp4hjnogxyq0346u", "fields": {"session_data": ".eJxVjDEOwjAMRe-SGUXBbUPMyM4ZIjt2SAGlUtNOiLtDpQ6w_vfef5lI61Li2nSOo5izgWAOvyNTemjdiNyp3iabprrMI9tNsTtt9jqJPi-7-3dQqJVvzaiamcllJ8jHoSMgD-Ilg_DQoRKGxF49ZRSFrgeHjjIgQTj1Sub9AUuhOVU:1olsI5:m_q9m-Zb-OJA9A4uuuhdek_RLCEOxgcKqRQdOq6aor4", "expire_date": "2022-11-04T13:42:25.802Z"}}, {"model": "sessions.session", "pk": "qkcflxxa4zy2hyc5hxjjh9zscwcmmfop", "fields": {"session_data": ".eJxVjDEOwjAMRe-SGUXBbUPMyM4ZIjt2SAGlUtNOiLtDpQ6w_vfef5lI61Li2nSOo5izgWAOvyNTemjdiNyp3iabprrMI9tNsTtt9jqJPi-7-3dQqJVvzaiamcllJ8jHoSMgD-Ilg_DQoRKGxF49ZRSFrgeHjjIgQTj1Sub9AUuhOVU:1on3AS:rdI7ZuGmt2zndJtLAGIJ6aJHAAkfKL2DaB-2_647lck", "expire_date": "2022-11-07T19:31:24.192Z"}}, {"model": "sessions.session", "pk": "s51nr68dvwd76z6mcdiz7fqrmy7rahlj", "fields": {"session_data": ".eJxVjDEOwjAMRe-SGUXBbUPMyM4ZIjt2SAGlUtNOiLtDpQ6w_vfef5lI61Li2nSOo5izgWAOvyNTemjdiNyp3iabprrMI9tNsTtt9jqJPi-7-3dQqJVvzaiamcllJ8jHoSMgD-Ilg_DQoRKGxF49ZRSFrgeHjjIgQTj1Sub9AUuhOVU:1oc6d0:g-0d81ksNfaBBZbK5rR8x_M9APX6VUdmbPIvXGXNw10", "expire_date": "2022-10-08T14:59:38.487Z"}}, {"model": "sessions.session", "pk": "s8r4z1tqmg0ebpubznyojco1abmx1bvr", "fields": {"session_data": ".eJxVjDEOwjAMRe-SGUXBbUPMyM4ZIjt2SAGlUtNOiLtDpQ6w_vfef5lI61Li2nSOo5izgWAOvyNTemjdiNyp3iabprrMI9tNsTtt9jqJPi-7-3dQqJVvzaiamcllJ8jHoSMgD-Ilg_DQoRKGxF49ZRSFrgeHjjIgQTj1Sub9AUuhOVU:1okoFj:q-yCy79usB3xR1qMKxS5JZ2US1C6oFvq_V1PyQQ3MzM", "expire_date": "2022-11-01T15:11:35.670Z"}}, {"model": "sessions.session", "pk": "s96ikeokx140scikq799nmf70m6xpsb3", "fields": {"session_data": ".eJxVjDsOwjAQBe_iGln-fyjpOYO167VxADlSnFSIu0OkFNC-mXkvlmBbW9pGWdJE7MysZaffESE_St8J3aHfZp7nvi4T8l3hBx38OlN5Xg7376DBaN9aCQFUtJdOuZwNSq2pYgzVZIQCktBVYYOwzjkfQEaBsmppSlTgqwD2_gAQuDgi:1okOIv:kIF4Z6EB4nrdpPksgldcsic1nAamlyFO-VqnebM6Yiw", "expire_date": "2022-10-31T11:29:09.561Z"}}, {"model": "sessions.session", "pk": "xdmtpjdj97sqro5i548lj4pedfsqlm3e", "fields": {"session_data": ".eJxVjEEOwiAQRe_C2hAERotL9z0DGZgZqRpISrsy3l2bdKHb_977LxVxXUpcO89xInVR4NThd0yYH1w3Qnest6Zzq8s8Jb0peqddj434ed3dv4OCvXzrhEQAFoP4bBHzmc0RBiKP6IacGCyJeCRI6IwhYX-yIhQCuOwMWfX-AE1kOaI:1olWEU:rGYtKZiwEhoZK8pRYjcDvyPkuBFplHSqxKa4VLZiXrg", "expire_date": "2022-11-03T14:09:14.342Z"}}, {"model": "sessions.session", "pk": "yctubhievppspbqo8k9gxeczooo63wzb", "fields": {"session_data": ".eJxVjDEOwjAMRe-SGUXBbUPMyM4ZIjt2SAGlUtNOiLtDpQ6w_vfef5lI61Li2nSOo5izgWAOvyNTemjdiNyp3iabprrMI9tNsTtt9jqJPi-7-3dQqJVvzaiamcllJ8jHoSMgD-Ilg_DQoRKGxF49ZRSFrgeHjjIgQTj1Sub9AUuhOVU:1omigs:_AC1m5DK-YQxjLwEv_W4Erq9e5pt1Jdz3N5AGuksp84", "expire_date": "2022-11-06T21:39:30.358Z"}}, {"model": "sessions.session", "pk": "zlbrtqnkl49j3e5ht1qcz4c4l4cs5sx3", "fields": {"session_data": "e30:1oZSvD:qNRWRX2ozxueUUZCJG4lX2ShebNJbE0aJc-olCR4-ZI", "expire_date": "2022-10-01T08:11:31.227Z"}}, {"model": "accounts.user", "pk": 28, "fields": {"password": "pbkdf2_sha256$390000$a37xq7w9SjaZw6z69SkdQt$YGeuC/B6Fzq+u7vmkoPEwxWiCMJ1S7rPe/KeWP6Ry/E=", "first_name": "Azeez", "last_name": "Soliudeen", "username": "Admin", "email": "asoliudeen1@gmail.com", "phone_number": "", "role": 2, "date_joined": "2022-09-17T07:53:54.142Z", "last_login": "2022-10-26T15:54:22.313Z", "created_date": "2022-09-17T07:53:54.142Z", "modified_date": "2022-09-17T07:53:54.142Z", "is_admin": true, "is_staff": true, "is_active": true, "is_superadmin": true}}, {"model": "accounts.user", "pk": 50, "fields": {"password": "pbkdf2_sha256$390000$CBFRbXMrtalEMg2oUAoyjc$vxKcQCF40D1HrQHv24Ym7AIBPJks2TnhzExmG/VHUDY=", "first_name": "Azeez", "last_name": "Soliudeen", "username": "Alobalowo2324", "email": "hhfrd376@gmail.com", "phone_number": "08139678276", "role": 2, "date_joined": "2022-09-21T12:01:11.099Z", "last_login": "2022-10-25T16:16:17.078Z", "created_date": "2022-09-21T12:01:11.099Z", "modified_date": "2022-10-25T16:17:12.522Z", "is_admin": false, "is_staff": false, "is_active": true, "is_superadmin": false}}, {"model": "accounts.user", "pk": 51, "fields": {"password": "pbkdf2_sha256$390000$UBX1GQdDyhq4G4xT68HmEo$rgAft5Gvbp2oZIYa2cBhTWTQyvpai/tDIqNURNyHezs=", "first_name": "john", "last_name": "doe", "username": "Alobalowo22", "email": "princesoliu@gmail.com", "phone_number": "", "role": 1, "date_joined": "2022-09-21T12:09:24.331Z", "last_login": "2022-10-20T12:27:37.166Z", "created_date": "2022-09-21T12:09:24.332Z", "modified_date": "2022-10-17T09:17:07.160Z", "is_admin": false, "is_staff": false, "is_active": true, "is_superadmin": false}}, {"model": "accounts.user", "pk": 52, "fields": {"password": "pbkdf2_sha256$390000$hhFX3JEEA4NGNsvpF4P9Py$nK7lBsoXFV9az6hFqSnEIqB3IKSawHsBZdp5E3aBXrQ=", "first_name": "alobalowo", "last_name": "victoria", "username": "soliudeen22", "email": "soliudeen22@gmail.com", "phone_number": "", "role": 1, "date_joined": "2022-09-27T09:47:09.850Z", "last_login": "2022-10-18T15:22:23.194Z", "created_date": "2022-09-27T09:47:09.850Z", "modified_date": "2022-09-27T09:47:09.850Z", "is_admin": false, "is_staff": false, "is_active": true, "is_superadmin": false}}, {"model": "accounts.user", "pk": 53, "fields": {"password": "pbkdf2_sha256$390000$sfoAmlaoikQ9R756xASffu$jzUPEbqnWsgxETnszF4FL96fskeaXePUVd4NyHBbDOk=", "first_name": "Azeez", "last_name": "Adewale", "username": "tattoo", "email": "asoliudeen1@outlook.com", "phone_number": "08139155442", "role": 2, "date_joined": "2022-10-02T15:12:05.811Z", "last_login": "2022-10-26T15:54:47.868Z", "created_date": "2022-10-02T15:12:05.811Z", "modified_date": "2022-10-24T10:51:58.725Z", "is_admin": false, "is_staff": false, "is_active": true, "is_superadmin": false}}, {"model": "accounts.user", "pk": 55, "fields": {"password": "pbkdf2_sha256$390000$N4KAWklaITdw67TaXQaf0i$NghUAvGSFvzDbfpkJOSXyRWRuD4IFOQ7nC4c8kkl1xI=", "first_name": "adigun", "last_name": "rosaq", "username": "teywind2022", "email": "teywind2022@gmail.com", "phone_number": "", "role": 1, "date_joined": "2022-10-02T21:30:55.865Z", "last_login": "2022-10-26T17:13:45.269Z", "created_date": "2022-10-02T21:30:55.866Z", "modified_date": "2022-10-17T11:04:20.314Z", "is_admin": false, "is_staff": false, "is_active": true, "is_superadmin": false}}, {"model": "accounts.user", "pk": 56, "fields": {"password": "Tattoo2018", "first_name": "Tajudeen", "last_name": "Afeez", "username": "tattoo23", "email": "azeez23@gmail.com", "phone_number": "", "role": 1, "date_joined": "2022-10-02T21:46:46.595Z", "last_login": "2022-10-02T21:46:46.595Z", "created_date": "2022-10-02T21:46:46.595Z", "modified_date": "2022-10-17T09:14:59.158Z", "is_admin": false, "is_staff": false, "is_active": true, "is_superadmin": false}}, {"model": "accounts.user", "pk": 58, "fields": {"password": "pbkdf2_sha256$390000$54KSVILDcTa43x6Q9yVywW$WExTd7hFu8DDwXkerwrbK1RawIcC8UsHl9cpVm818BM=", "first_name": "azeez", "last_name": "dejare", "username": "a.n.moody20144", "email": "a.n.moody20144@gmail.com", "phone_number": "", "role": 2, "date_joined": "2022-10-26T23:15:29.160Z", "last_login": "2022-10-26T23:15:29.160Z", "created_date": "2022-10-26T23:15:29.160Z", "modified_date": "2022-10-26T23:15:29.160Z", "is_admin": false, "is_staff": false, "is_active": false, "is_superadmin": false}}, {"model": "accounts.userprofile", "pk": 38, "fields": {"user": 28, "profile_picture": "", "cover_photo": "", "address": null, "country": null, "state": null, "city": null, "pin_code": null, "latitude": null, "longitude": null, "location": null, "created_at": "2022-09-17T07:53:54.150Z", "modified_at": "2022-09-17T07:53:54.150Z"}}, {"model": "accounts.userprofile", "pk": 64, "fields": {"user": 50, "profile_picture": "users/profile_pictures/chicken-barbeque.jpg", "cover_photo": "users/cover_photos/Pan-Fried-Chicken-600x600.jpg", "address": "21 Mobolaji Bank Anthony Way, Lagos, Nigeria", "country": "Nigeria", "state": "Lagos", "city": "Lagos", "pin_code": "101233", "latitude": "6.5749495", "longitude": "3.3626044", "location": "SRID=4326;POINT (3.3626044 6.5749495)", "created_at": "2022-09-21T12:01:11.108Z", "modified_at": "2022-09-21T12:01:11.108Z"}}, {"model": "accounts.userprofile", "pk": 65, "fields": {"user": 51, "profile_picture": "users/profile_pictures/chicken-600x600.jpg", "cover_photo": "users/cover_photos/chicken-barbeque.jpg", "address": "ojoo Ibadan, Iseyin local government, Ojoo, Ibadan, Nigeria", "country": "Nigeria", "state": "Oyo", "city": "Ibadan", "pin_code": "200132", "latitude": "7.9764931", "longitude": "3.5913939", "location": "SRID=4326;POINT (3.5913939 7.9764931)", "created_at": "2022-09-21T12:09:24.335Z", "modified_at": "2022-09-21T12:09:24.335Z"}}, {"model": "accounts.userprofile", "pk": 66, "fields": {"user": 52, "profile_picture": "users/profile_pictures/italian-pizza-600x600.jpg", "cover_photo": "users/cover_photos/profile-picture-3.PNG", "address": "no 24 Ojo Igbede Road, Lagos, Nigeria", "country": "Nigeria", "state": "Lagos", "city": "Lagos", "pin_code": "102113", "latitude": "6.459543099999999", "longitude": "3.1868561", "location": "SRID=4326;POINT (3.1868561 6.459543099999999)", "created_at": "2022-09-27T09:47:09.865Z", "modified_at": "2022-09-27T09:47:09.865Z"}}, {"model": "accounts.userprofile", "pk": 67, "fields": {"user": 53, "profile_picture": "users/profile_pictures/IMG_2422.jpg", "cover_photo": "users/cover_photos/cover-photo-5_Z1ojqas.PNG", "address": "Ojoo Bus Stop, Ibadan, Nigeria", "country": "Nigeria", "state": "Oyo", "city": "Ibadan", "pin_code": "200132", "latitude": "7.4685604", "longitude": "3.9129555", "location": "SRID=4326;POINT (3.9129555 7.4685604)", "created_at": "2022-10-02T15:12:05.846Z", "modified_at": "2022-10-02T15:12:05.846Z"}}, {"model": "accounts.userprofile", "pk": 69, "fields": {"user": 55, "profile_picture": "users/profile_pictures/cover-photo-2.PNG", "cover_photo": "users/cover_photos/cover-photo-5.PNG", "address": "Ojoo Bus Stop, Ibadan, Nigeria", "country": "Nigeria", "state": "Oyo", "city": "Ibadan", "pin_code": "200132", "latitude": "7.4685604", "longitude": "3.9129555", "location": "SRID=4326;POINT (3.9129555 7.4685604)", "created_at": "2022-10-02T21:30:55.868Z", "modified_at": "2022-10-02T21:30:55.868Z"}}, {"model": "accounts.userprofile", "pk": 79, "fields": {"user": 56, "profile_picture": "", "cover_photo": "", "address": null, "country": null, "state": null, "city": null, "pin_code": null, "latitude": null, "longitude": null, "location": null, "created_at": "2022-10-17T09:14:59.164Z", "modified_at": "2022-10-17T09:14:59.164Z"}}, {"model": "accounts.userprofile", "pk": 81, "fields": {"user": 58, "profile_picture": "", "cover_photo": "", "address": null, "country": null, "state": null, "city": null, "pin_code": null, "latitude": null, "longitude": null, "location": null, "created_at": "2022-10-26T23:15:29.176Z", "modified_at": "2022-10-26T23:15:29.176Z"}}, {"model": "menu.category", "pk": 1, "fields": {"vendor": 5, "category_name": "Burgers", "slug": "burgers", "description": "Lorem Ipsum is simply dummy text of the printing and typesetting industry. Lorem Ipsum has been the industry's standard dummy text ever", "created_at": "2022-09-23T23:34:24.093Z", "updated_at": "2022-09-23T23:34:24.093Z"}}, {"model": "menu.category", "pk": 2, "fields": {"vendor": 5, "category_name": "Pizza", "slug": "pizza", "description": "Lorem Ipsum is simply dummy text of the printing and typesetting industry. Lorem Ipsum has been the industry's standard dummy text ever since the 1500s", "created_at": "2022-09-23T23:34:46.769Z", "updated_at": "2022-09-23T23:34:46.769Z"}}, {"model": "menu.category", "pk": 3, "fields": {"vendor": 5, "category_name": "Sea food", "slug": "sea-food", "description": "Lorem Ipsum is simply dummy text of the printing and typesetting industry. Lorem Ipsum has been the industry's standard dummy text ever since the 1500s", "created_at": "2022-09-23T23:36:13.154Z", "updated_at": "2022-09-23T23:36:13.154Z"}}, {"model": "menu.category", "pk": 16, "fields": {"vendor": 5, "category_name": "Smoothies", "slug": "smoothies", "description": "", "created_at": "2022-09-26T12:07:48.564Z", "updated_at": "2022-09-26T12:07:48.564Z"}}, {"model": "menu.category", "pk": 17, "fields": {"vendor": 6, "category_name": "Rice", "slug": "rice", "description": "", "created_at": "2022-09-27T09:55:37.702Z", "updated_at": "2022-09-27T09:55:37.702Z"}}, {"model": "menu.category", "pk": 18, "fields": {"vendor": 6, "category_name": "Chicken", "slug": "chicken", "description": "", "created_at": "2022-09-28T22:03:41.781Z", "updated_at": "2022-09-28T22:03:41.781Z"}}, {"model": "menu.category", "pk": 20, "fields": {"vendor": 8, "category_name": "Shawama", "slug": "shawama", "description": "hawarma is like the Middle Eastern version of a taco (sometimes called \"doner kebab\") that consists of juicy, marinated meat slices wrapped in flatbread with veggies and sauce.", "created_at": "2022-10-17T11:14:30.868Z", "updated_at": "2022-10-17T11:14:30.868Z"}}, {"model": "menu.category", "pk": 21, "fields": {"vendor": 8, "category_name": "Sardine", "slug": "sardine", "description": "Sardines are small, silvery, elongated fishes with a single short dorsal fin, no lateral line, and no scales on the head.", "created_at": "2022-10-17T11:53:47.682Z", "updated_at": "2022-10-17T12:13:54.467Z"}}, {"model": "menu.category", "pk": 26, "fields": {"vendor": 6, "category_name": "Sardine", "slug": "sardine-26", "description": "", "created_at": "2022-10-18T15:23:07.000Z", "updated_at": "2022-10-18T15:23:07.007Z"}}, {"model": "menu.fooditem", "pk": 1, "fields": {"Vendor": 5, "category": 1, "food_title": "Burger one", "slug": "burger-one", "description": "Lorem Ipsum is simply dummy text of the printing and typesetting industry.", "price": "8.00", "image": "foodimages/burger-600x600.jpg", "is_available": true, "created_at": "2022-09-24T00:02:53.735Z", "updated_at": "2022-10-21T13:44:22.406Z"}}, {"model": "menu.fooditem", "pk": 4, "fields": {"Vendor": 5, "category": 3, "food_title": "Sea food one", "slug": "sea-food-one", "description": "", "price": "9.00", "image": "foodimages/profile-picture-4.PNG", "is_available": true, "created_at": "2022-09-24T00:14:00.827Z", "updated_at": "2022-10-21T13:44:12.061Z"}}, {"model": "menu.fooditem", "pk": 5, "fields": {"Vendor": 5, "category": 2, "food_title": "Italian pizza", "slug": "italian-pizza", "description": "", "price": "20.00", "image": "foodimages/italian-pizza-600x600.jpg", "is_available": true, "created_at": "2022-09-24T00:14:31.378Z", "updated_at": "2022-10-21T13:44:02.298Z"}}, {"model": "menu.fooditem", "pk": 33, "fields": {"Vendor": 5, "category": 16, "food_title": "Strawberry", "slug": "strawberry", "description": "strawberry", "price": "10.00", "image": "foodimages/profile-picture-2.PNG", "is_available": true, "created_at": "2022-09-26T12:09:46.335Z", "updated_at": "2022-10-21T13:43:52.995Z"}}, {"model": "menu.fooditem", "pk": 35, "fields": {"Vendor": 6, "category": 17, "food_title": "Fried rice", "slug": "fried-rice", "description": "", "price": "14.00", "image": "foodimages/cover-photo-1_8FqFAwM.PNG", "is_available": true, "created_at": "2022-09-28T22:14:02.352Z", "updated_at": "2022-10-21T13:43:41.274Z"}}, {"model": "menu.fooditem", "pk": 37, "fields": {"Vendor": 6, "category": 17, "food_title": "Jollof rice", "slug": "jollof-rice", "description": "", "price": "13.00", "image": "foodimages/Pan-Fried-Chicken-600x600_O5HCjAv.jpg", "is_available": true, "created_at": "2022-09-28T22:15:30.247Z", "updated_at": "2022-10-21T13:43:31.040Z"}}, {"model": "menu.fooditem", "pk": 41, "fields": {"Vendor": 8, "category": 20, "food_title": "Oven roasted chicken shawarma", "slug": "oven-roasted-chicken-shawarma", "description": "This chicken shawarma recipe is an easier way to make the Middle Eastern dish. Its a tasty, anti-inflammatory meal made on one pan and with no refined sugar!", "price": "15.00", "image": "foodimages/over_rosted1.jpg", "is_available": true, "created_at": "2022-10-17T11:17:57.959Z", "updated_at": "2022-10-21T13:43:21.188Z"}}, {"model": "menu.fooditem", "pk": 42, "fields": {"Vendor": 8, "category": 20, "food_title": "Keto beef shawarma", "slug": "keto-beef-shawarma", "description": "With cabbage, homemade shawarma spice and a little ground beef, you can put a fantastic keto beef shawarma dinner on the table in under half an hour.", "price": "10.00", "image": "foodimages/over_roasted.jpg", "is_available": true, "created_at": "2022-10-17T11:18:57.106Z", "updated_at": "2022-10-21T13:43:11.155Z"}}, {"model": "menu.fooditem", "pk": 43, "fields": {"Vendor": 8, "category": 21, "food_title": "Sardina pilchardus", "slug": "sardina-pilchardus", "description": "", "price": "12.00", "image": "foodimages/Sardinella_aurita_2OAmJAM.jpeg", "is_available": true, "created_at": "2022-10-17T12:15:15.918Z", "updated_at": "2022-10-21T13:43:01.339Z"}}, {"model": "vendors.vendor", "pk": 5, "fields": {"user": 51, "user_profile": 65, "vendor_name": "BiteMore", "vendor_slug": "bite-more", "vendor_lincense": "vendor/lincense/profile-picture-4.PNG", "is_approved": true, "created_at": "2022-09-21T12:09:24.352Z", "modified_at": "2022-09-21T12:09:24.352Z"}}, {"model": "vendors.vendor", "pk": 6, "fields": {"user": 52, "user_profile": 66, "vendor_name": "Shoprite", "vendor_slug": "shoprite", "vendor_lincense": "vendor/lincense/profile-picture-4_tiZoK8X.PNG", "is_approved": true, "created_at": "2022-09-27T09:51:11.027Z", "modified_at": "2022-09-27T09:51:11.027Z"}}, {"model": "vendors.vendor", "pk": 8, "fields": {"user": 55, "user_profile": 69, "vendor_name": "Grandex", "vendor_slug": "grandex", "vendor_lincense": "vendor/lincense/pizza-600x600.jpg", "is_approved": true, "created_at": "2022-10-02T21:30:55.875Z", "modified_at": "2022-10-02T21:30:55.875Z"}}, {"model": "vendors.openinghour", "pk": 14, "fields": {"vendor": 5, "day": 1, "from_hour": "06:00 AM", "to_hour": "04:00 PM", "is_closed": false}}, {"model": "vendors.openinghour", "pk": 15, "fields": {"vendor": 5, "day": 2, "from_hour": "06:00 AM", "to_hour": "02:00 PM", "is_closed": false}}, {"model": "vendors.openinghour", "pk": 16, "fields": {"vendor": 5, "day": 2, "from_hour": "05:00 PM", "to_hour": "09:00 PM", "is_closed": false}}, {"model": "vendors.openinghour", "pk": 21, "fields": {"vendor": 8, "day": 1, "from_hour": "06:00 AM", "to_hour": "08:00 PM", "is_closed": false}}, {"model": "vendors.openinghour", "pk": 22, "fields": {"vendor": 8, "day": 2, "from_hour": "06:00 AM", "to_hour": "06:00 PM", "is_closed": false}}, {"model": "vendors.openinghour", "pk": 23, "fields": {"vendor": 8, "day": 3, "from_hour": "06:00 AM", "to_hour": "09:00 PM", "is_closed": false}}, {"model": "vendors.openinghour", "pk": 24, "fields": {"vendor": 8, "day": 4, "from_hour": "07:00 AM", "to_hour": "09:00 PM", "is_closed": false}}, {"model": "vendors.openinghour", "pk": 25, "fields": {"vendor": 8, "day": 5, "from_hour": "07:00 AM", "to_hour": "08:00 PM", "is_closed": false}}, {"model": "marketplace.tax", "pk": 1, "fields": {"tax_type": "CGT", "tax_percentage": "10.00", "is_active": true}}, {"model": "marketplace.tax", "pk": 2, "fields": {"tax_type": "CIT", "tax_percentage": "30.00", "is_active": false}}, {"model": "marketplace.tax", "pk": 3, "fields": {"tax_type": "VAT", "tax_percentage": "5.00", "is_active": true}}, {"model": "orders.payment", "pk": 19, "fields": {"user": 53, "transaction_id": "03269818F2097530V", "payment_method": "PayPal", "amount": "34.5", "status": "COMPLETED", "created_at": "2022-10-24T20:15:15.686Z"}}, {"model": "orders.payment", "pk": 22, "fields": {"user": 50, "transaction_id": "99R07296MM051003C", "payment_method": "PayPal", "amount": "140.3", "status": "COMPLETED", "created_at": "2022-10-25T16:36:53.672Z"}}, {"model": "orders.payment", "pk": 23, "fields": {"user": 53, "transaction_id": "1AB15585EW503021F", "payment_method": "PayPal", "amount": "172.5", "status": "COMPLETED", "created_at": "2022-10-26T17:11:28.581Z"}}, {"model": "orders.order", "pk": 31, "fields": {"user": 53, "payment": 19, "order_number": "202210242031", "first_name": "Azeez", "last_name": "Adewale", "phone": "08139155442", "email": "asoliudeen1@outlook.com", "address": "Ojoo Bus Stop, Ibadan, Nigeria", "country": "Nigeria", "state": "Oyo", "city": "Ibadan", "pin_code": "200132", "total": 34.5, "tax_data": "{\"CGT\": {\"10.00\": 3.00}, \"VAT\": {\"5.00\": 1.50}}", "total_data": null, "total_tax": 4.5, "payment_method": "PayPal", "status": "New", "is_ordered": true, "created_at": "2022-10-24T20:13:00.933Z", "updated_at": "2022-10-25T15:35:48.483Z", "vendors": [8]}}, {"model": "orders.order", "pk": 34, "fields": {"user": 50, "payment": 22, "order_number": "202210251634", "first_name": "Azeez", "last_name": "Soliudeen", "phone": "08139678276", "email": "hhfrd376@gmail.com", "address": "21 Mobolaji Bank Anthony Way, Lagos, Nigeria", "country": "Nigeria", "state": "Lagos", "city": "Lagos", "pin_code": "101233", "total": 140.3, "tax_data": "{\"CGT\": {\"10.00\": 12.20}, \"VAT\": {\"5.00\": 6.10}}", "total_data": null, "total_tax": 18.3, "payment_method": "PayPal", "status": "New", "is_ordered": true, "created_at": "2022-10-25T16:36:09.681Z", "updated_at": "2022-10-25T16:36:53.675Z", "vendors": [6, 8]}}, {"model": "orders.order", "pk": 35, "fields": {"user": 53, "payment": null, "order_number": "202210261535", "first_name": "Azeez", "last_name": "Adewale", "phone": "08139155442", "email": "asoliudeen1@outlook.com", "address": "Ojoo Bus Stop, Ibadan, Nigeria", "country": "Nigeria", "state": "Oyo", "city": "Ibadan", "pin_code": "200132", "total": 172.5, "tax_data": "{\"CGT\": {\"10.00\": 15.00}, \"VAT\": {\"5.00\": 7.50}}", "total_data": null, "total_tax": 22.5, "payment_method": "PayPal", "status": "New", "is_ordered": false, "created_at": "2022-10-26T15:56:57.982Z", "updated_at": "2022-10-26T15:56:58.006Z", "vendors": [5, 6, 8]}}, {"model": "orders.order", "pk": 36, "fields": {"user": 53, "payment": null, "order_number": "202210261636", "first_name": "Azeez", "last_name": "Adewale", "phone": "08139155442", "email": "asoliudeen1@outlook.com", "address": "Ojoo Bus Stop, Ibadan, Nigeria", "country": "Nigeria", "state": "Oyo", "city": "Ibadan", "pin_code": "200132", "total": 172.5, "tax_data": "{\"CGT\": {\"10.00\": 15.00}, \"VAT\": {\"5.00\": 7.50}}", "total_data": null, "total_tax": 22.5, "payment_method": "PayPal", "status": "New", "is_ordered": false, "created_at": "2022-10-26T16:04:27.295Z", "updated_at": "2022-10-26T16:04:27.303Z", "vendors": [5, 6, 8]}}, {"model": "orders.order", "pk": 37, "fields": {"user": 53, "payment": null, "order_number": "202210261637", "first_name": "Azeez", "last_name": "Adewale", "phone": "08139155442", "email": "asoliudeen1@outlook.com", "address": "Ojoo Bus Stop, Ibadan, Nigeria", "country": "Nigeria", "state": "Oyo", "city": "Ibadan", "pin_code": "200132", "total": 172.5, "tax_data": "{\"CGT\": {\"10.00\": 15.00}, \"VAT\": {\"5.00\": 7.50}}", "total_data": null, "total_tax": 22.5, "payment_method": "PayPal", "status": "New", "is_ordered": false, "created_at": "2022-10-26T16:08:37.733Z", "updated_at": "2022-10-26T16:08:37.739Z", "vendors": [5, 6, 8]}}, {"model": "orders.order", "pk": 38, "fields": {"user": 53, "payment": null, "order_number": "202210261638", "first_name": "Azeez", "last_name": "Adewale", "phone": "08139155442", "email": "asoliudeen1@outlook.com", "address": "Ojoo Bus Stop, Ibadan, Nigeria", "country": "Nigeria", "state": "Oyo", "city": "Ibadan", "pin_code": "200132", "total": 172.5, "tax_data": "{\"CGT\": {\"10.00\": 15.00}, \"VAT\": {\"5.00\": 7.50}}", "total_data": null, "total_tax": 22.5, "payment_method": "PayPal", "status": "New", "is_ordered": false, "created_at": "2022-10-26T16:09:55.289Z", "updated_at": "2022-10-26T16:09:55.295Z", "vendors": [5, 6, 8]}}, {"model": "orders.order", "pk": 39, "fields": {"user": 53, "payment": null, "order_number": "202210261639", "first_name": "Azeez", "last_name": "Adewale", "phone": "08139155442", "email": "asoliudeen1@outlook.com", "address": "Ojoo Bus Stop, Ibadan, Nigeria", "country": "Nigeria", "state": "Oyo", "city": "Ibadan", "pin_code": "200132", "total": 172.5, "tax_data": "{\"CGT\": {\"10.00\": 15.00}, \"VAT\": {\"5.00\": 7.50}}", "total_data": null, "total_tax": 22.5, "payment_method": "PayPal", "status": "New", "is_ordered": false, "created_at": "2022-10-26T16:22:06.870Z", "updated_at": "2022-10-26T16:22:06.877Z", "vendors": [5, 6, 8]}}, {"model": "orders.order", "pk": 40, "fields": {"user": 53, "payment": null, "order_number": "202210261640", "first_name": "Azeez", "last_name": "Adewale", "phone": "08139155442", "email": "asoliudeen1@outlook.com", "address": "Ojoo Bus Stop, Ibadan, Nigeria", "country": "Nigeria", "state": "Oyo", "city": "Ibadan", "pin_code": "200132", "total": 172.5, "tax_data": "{\"CGT\": {\"10.00\": 15.00}, \"VAT\": {\"5.00\": 7.50}}", "total_data": null, "total_tax": 22.5, "payment_method": "PayPal", "status": "New", "is_ordered": false, "created_at": "2022-10-26T16:29:51.335Z", "updated_at": "2022-10-26T16:29:51.341Z", "vendors": [5, 6, 8]}}, {"model": "orders.order", "pk": 41, "fields": {"user": 53, "payment": null, "order_number": "202210261641", "first_name": "Azeez", "last_name": "Adewale", "phone": "08139155442", "email": "asoliudeen1@outlook.com", "address": "Ojoo Bus Stop, Ibadan, Nigeria", "country": "Nigeria", "state": "Oyo", "city": "Ibadan", "pin_code": "200132", "total": 172.5, "tax_data": "{\"CGT\": {\"10.00\": 15.00}, \"VAT\": {\"5.00\": 7.50}}", "total_data": null, "total_tax": 22.5, "payment_method": "PayPal", "status": "New", "is_ordered": false, "created_at": "2022-10-26T16:30:52.621Z", "updated_at": "2022-10-26T16:30:52.628Z", "vendors": [5, 6, 8]}}, {"model": "orders.order", "pk": 42, "fields": {"user": 53, "payment": null, "order_number": "202210261642", "first_name": "Azeez", "last_name": "Adewale", "phone": "08139155442", "email": "asoliudeen1@outlook.com", "address": "Ojoo Bus Stop, Ibadan, Nigeria", "country": "Nigeria", "state": "Oyo", "city": "Ibadan", "pin_code": "200132", "total": 172.5, "tax_data": "{\"CGT\": {\"10.00\": 15.00}, \"VAT\": {\"5.00\": 7.50}}", "total_data": null, "total_tax": 22.5, "payment_method": "PayPal", "status": "New", "is_ordered": false, "created_at": "2022-10-26T16:36:13.248Z", "updated_at": "2022-10-26T16:36:13.255Z", "vendors": [5, 6, 8]}}, {"model": "orders.order", "pk": 43, "fields": {"user": 53, "payment": null, "order_number": "202210261643", "first_name": "Azeez", "last_name": "Adewale", "phone": "08139155442", "email": "asoliudeen1@outlook.com", "address": "Ojoo Bus Stop, Ibadan, Nigeria", "country": "Nigeria", "state": "Oyo", "city": "Ibadan", "pin_code": "200132", "total": 172.5, "tax_data": "{\"CGT\": {\"10.00\": 15.00}, \"VAT\": {\"5.00\": 7.50}}", "total_data": null, "total_tax": 22.5, "payment_method": "PayPal", "status": "New", "is_ordered": false, "created_at": "2022-10-26T16:55:54.278Z", "updated_at": "2022-10-26T16:55:54.284Z", "vendors": [5, 6, 8]}}, {"model": "orders.order", "pk": 44, "fields": {"user": 53, "payment": null, "order_number": "202210261644", "first_name": "Azeez", "last_name": "Adewale", "phone": "08139155442", "email": "asoliudeen1@outlook.com", "address": "Ojoo Bus Stop, Ibadan, Nigeria", "country": "Nigeria", "state": "Oyo", "city": "Ibadan", "pin_code": "200132", "total": 172.5, "tax_data": "{\"CGT\": {\"10.00\": 15.00}, \"VAT\": {\"5.00\": 7.50}}", "total_data": null, "total_tax": 22.5, "payment_method": "PayPal", "status": "New", "is_ordered": false, "created_at": "2022-10-26T16:58:16.557Z", "updated_at": "2022-10-26T16:58:16.562Z", "vendors": [5, 6, 8]}}, {"model": "orders.order", "pk": 45, "fields": {"user": 53, "payment": null, "order_number": "202210261645", "first_name": "Azeez", "last_name": "Adewale", "phone": "08139155442", "email": "asoliudeen1@outlook.com", "address": "Ojoo Bus Stop, Ibadan, Nigeria", "country": "Nigeria", "state": "Oyo", "city": "Ibadan", "pin_code": "200132", "total": 172.5, "tax_data": "{\"CGT\": {\"10.00\": 15.00}, \"VAT\": {\"5.00\": 7.50}}", "total_data": null, "total_tax": 22.5, "payment_method": "PayPal", "status": "New", "is_ordered": false, "created_at": "2022-10-26T16:59:57.039Z", "updated_at": "2022-10-26T16:59:57.045Z", "vendors": [5, 6, 8]}}, {"model": "orders.order", "pk": 46, "fields": {"user": 53, "payment": 23, "order_number": "202210261746", "first_name": "Azeez", "last_name": "Adewale", "phone": "08139155442", "email": "asoliudeen1@outlook.com", "address": "Ojoo Bus Stop, Ibadan, Nigeria", "country": "Nigeria", "state": "Oyo", "city": "Ibadan", "pin_code": "200132", "total": 172.5, "tax_data": "{\"CGT\": {\"10.00\": 15.00}, \"VAT\": {\"5.00\": 7.50}}", "total_data": "{\"8\": {\"30.00\": \"{'CGT': {'10.00': '3.00'}, 'VAT': {'5.00': '1.50'}}\"}, \"6\": {\"54.00\": \"{'CGT': {'10.00': '5.40'}, 'VAT': {'5.00': '2.70'}}\"}, \"5\": {\"66.00\": \"{'CGT': {'10.00': '6.60'}, 'VAT': {'5.00': '3.30'}}\"}}", "total_tax": 22.5, "payment_method": "PayPal", "status": "New", "is_ordered": true, "created_at": "2022-10-26T17:06:16.845Z", "updated_at": "2022-10-26T17:11:28.590Z", "vendors": [5, 6, 8]}}, {"model": "orders.orderedfood", "pk": 19, "fields": {"order": 31, "payment": 19, "user": 53, "fooditem": 42, "quantity": 3, "price": 10.0, "amount": 30.0, "created_at": "2022-10-24T20:15:15.706Z", "updated_at": "2022-10-24T20:15:15.706Z"}}, {"model": "orders.orderedfood", "pk": 25, "fields": {"order": 34, "payment": 22, "user": 50, "fooditem": 42, "quantity": 4, "price": 10.0, "amount": 40.0, "created_at": "2022-10-25T16:36:53.683Z", "updated_at": "2022-10-25T16:36:53.683Z"}}, {"model": "orders.orderedfood", "pk": 26, "fields": {"order": 34, "payment": 22, "user": 50, "fooditem": 41, "quantity": 2, "price": 15.0, "amount": 30.0, "created_at": "2022-10-25T16:36:53.688Z", "updated_at": "2022-10-25T16:36:53.688Z"}}, {"model": "orders.orderedfood", "pk": 27, "fields": {"order": 34, "payment": 22, "user": 50, "fooditem": 43, "quantity": 1, "price": 12.0, "amount": 12.0, "created_at": "2022-10-25T16:36:53.692Z", "updated_at": "2022-10-25T16:36:53.692Z"}}, {"model": "orders.orderedfood", "pk": 28, "fields": {"order": 34, "payment": 22, "user": 50, "fooditem": 37, "quantity": 2, "price": 13.0, "amount": 26.0, "created_at": "2022-10-25T16:36:53.694Z", "updated_at": "2022-10-25T16:36:53.694Z"}}, {"model": "orders.orderedfood", "pk": 29, "fields": {"order": 34, "payment": 22, "user": 50, "fooditem": 35, "quantity": 1, "price": 14.0, "amount": 14.0, "created_at": "2022-10-25T16:36:53.697Z", "updated_at": "2022-10-25T16:36:53.697Z"}}, {"model": "orders.orderedfood", "pk": 30, "fields": {"order": 46, "payment": 23, "user": 53, "fooditem": 37, "quantity": 2, "price": 13.0, "amount": 26.0, "created_at": "2022-10-26T17:11:28.604Z", "updated_at": "2022-10-26T17:11:28.604Z"}}, {"model": "orders.orderedfood", "pk": 31, "fields": {"order": 46, "payment": 23, "user": 53, "fooditem": 35, "quantity": 2, "price": 14.0, "amount": 28.0, "created_at": "2022-10-26T17:11:28.613Z", "updated_at": "2022-10-26T17:11:28.613Z"}}, {"model": "orders.orderedfood", "pk": 32, "fields": {"order": 46, "payment": 23, "user": 53, "fooditem": 1, "quantity": 1, "price": 8.0, "amount": 8.0, "created_at": "2022-10-26T17:11:28.616Z", "updated_at": "2022-10-26T17:11:28.616Z"}}, {"model": "orders.orderedfood", "pk": 33, "fields": {"order": 46, "payment": 23, "user": 53, "fooditem": 4, "quantity": 2, "price": 9.0, "amount": 18.0, "created_at": "2022-10-26T17:11:28.620Z", "updated_at": "2022-10-26T17:11:28.620Z"}}, {"model": "orders.orderedfood", "pk": 34, "fields": {"order": 46, "payment": 23, "user": 53, "fooditem": 5, "quantity": 2, "price": 20.0, "amount": 40.0, "created_at": "2022-10-26T17:11:28.624Z", "updated_at": "2022-10-26T17:11:28.624Z"}}, {"model": "orders.orderedfood", "pk": 35, "fields": {"order": 46, "payment": 23, "user": 53, "fooditem": 42, "quantity": 3, "price": 10.0, "amount": 30.0, "created_at": "2022-10-26T17:11:28.631Z", "updated_at": "2022-10-26T17:11:28.631Z"}}]